"都道府県番号","団体コード","都道府県名（漢字）","市区町村名（漢字）","都道府県名（カナ）","市区町村名（カナ）"
"01","010006","北海道","","ﾎｯｶｲﾄﾞｳ",""
"01","011002","北海道","札幌市","ﾎｯｶｲﾄﾞｳ","ｻｯﾎﾟﾛｼ"
"01","011011","北海道","札幌市中央区","ﾎｯｶｲﾄﾞｳ","ｻｯﾎﾟﾛｼﾁｭｳｵｳｸ"
"01","011029","北海道","札幌市北区","ﾎｯｶｲﾄﾞｳ","ｻｯﾎﾟﾛｼｷﾀｸ"
"01","011037","北海道","札幌市東区","ﾎｯｶｲﾄﾞｳ","ｻｯﾎﾟﾛｼﾋｶﾞｼｸ"
"01","011045","北海道","札幌市白石区","ﾎｯｶｲﾄﾞｳ","ｻｯﾎﾟﾛｼｼﾛｲｼｸ"
"01","011053","北海道","札幌市豊平区","ﾎｯｶｲﾄﾞｳ","ｻｯﾎﾟﾛｼﾄﾖﾋﾗｸ"
"01","011061","北海道","札幌市南区","ﾎｯｶｲﾄﾞｳ","ｻｯﾎﾟﾛｼﾐﾅﾐｸ"
"01","011070","北海道","札幌市西区","ﾎｯｶｲﾄﾞｳ","ｻｯﾎﾟﾛｼﾆｼｸ"
"01","011088","北海道","札幌市厚別区","ﾎｯｶｲﾄﾞｳ","ｻｯﾎﾟﾛｼｱﾂﾍﾞﾂｸ"
"01","011096","北海道","札幌市手稲区","ﾎｯｶｲﾄﾞｳ","ｻｯﾎﾟﾛｼﾃｲﾈｸ"
"01","011100","北海道","札幌市清田区","ﾎｯｶｲﾄﾞｳ","ｻｯﾎﾟﾛｼｷﾖﾀｸ"
"01","012025","北海道","函館市","ﾎｯｶｲﾄﾞｳ","ﾊｺﾀﾞﾃｼ"
"01","012033","北海道","小樽市","ﾎｯｶｲﾄﾞｳ","ｵﾀﾙｼ"
"01","012041","北海道","旭川市","ﾎｯｶｲﾄﾞｳ","ｱｻﾋｶﾜｼ"
"01","012050","北海道","室蘭市","ﾎｯｶｲﾄﾞｳ","ﾑﾛﾗﾝｼ"
"01","012068","北海道","釧路市","ﾎｯｶｲﾄﾞｳ","ｸｼﾛｼ"
"01","012076","北海道","帯広市","ﾎｯｶｲﾄﾞｳ","ｵﾋﾞﾋﾛｼ"
"01","012084","北海道","北見市","ﾎｯｶｲﾄﾞｳ","ｷﾀﾐｼ"
"01","012092","北海道","夕張市","ﾎｯｶｲﾄﾞｳ","ﾕｳﾊﾞﾘｼ"
"01","012106","北海道","岩見沢市","ﾎｯｶｲﾄﾞｳ","ｲﾜﾐｻﾞﾜｼ"
"01","012114","北海道","網走市","ﾎｯｶｲﾄﾞｳ","ｱﾊﾞｼﾘｼ"
"01","012122","北海道","留萌市","ﾎｯｶｲﾄﾞｳ","ﾙﾓｲｼ"
"01","012131","北海道","苫小牧市","ﾎｯｶｲﾄﾞｳ","ﾄﾏｺﾏｲｼ"
"01","012149","北海道","稚内市","ﾎｯｶｲﾄﾞｳ","ﾜｯｶﾅｲｼ"
"01","012157","北海道","美唄市","ﾎｯｶｲﾄﾞｳ","ﾋﾞﾊﾞｲｼ"
"01","012165","北海道","芦別市","ﾎｯｶｲﾄﾞｳ","ｱｼﾍﾞﾂｼ"
"01","012173","北海道","江別市","ﾎｯｶｲﾄﾞｳ","ｴﾍﾞﾂｼ"
"01","012181","北海道","赤平市","ﾎｯｶｲﾄﾞｳ","ｱｶﾋﾞﾗｼ"
"01","012190","北海道","紋別市","ﾎｯｶｲﾄﾞｳ","ﾓﾝﾍﾞﾂｼ"
"01","012203","北海道","士別市","ﾎｯｶｲﾄﾞｳ","ｼﾍﾞﾂｼ"
"01","012211","北海道","名寄市","ﾎｯｶｲﾄﾞｳ","ﾅﾖﾛｼ"
"01","012220","北海道","三笠市","ﾎｯｶｲﾄﾞｳ","ﾐｶｻｼ"
"01","012238","北海道","根室市","ﾎｯｶｲﾄﾞｳ","ﾈﾑﾛｼ"
"01","012246","北海道","千歳市","ﾎｯｶｲﾄﾞｳ","ﾁﾄｾｼ"
"01","012254","北海道","滝川市","ﾎｯｶｲﾄﾞｳ","ﾀｷｶﾜｼ"
"01","012262","北海道","砂川市","ﾎｯｶｲﾄﾞｳ","ｽﾅｶﾞﾜｼ"
"01","012271","北海道","歌志内市","ﾎｯｶｲﾄﾞｳ","ｳﾀｼﾅｲｼ"
"01","012289","北海道","深川市","ﾎｯｶｲﾄﾞｳ","ﾌｶｶﾞﾜｼ"
"01","012297","北海道","富良野市","ﾎｯｶｲﾄﾞｳ","ﾌﾗﾉｼ"
"01","012301","北海道","登別市","ﾎｯｶｲﾄﾞｳ","ﾉﾎﾞﾘﾍﾞﾂｼ"
"01","012319","北海道","恵庭市","ﾎｯｶｲﾄﾞｳ","ｴﾆﾜｼ"
"01","012335","北海道","伊達市","ﾎｯｶｲﾄﾞｳ","ﾀﾞﾃｼ"
"01","012343","北海道","北広島市","ﾎｯｶｲﾄﾞｳ","ｷﾀﾋﾛｼﾏｼ"
"01","012351","北海道","石狩市","ﾎｯｶｲﾄﾞｳ","ｲｼｶﾘｼ"
"01","012360","北海道","北斗市","ﾎｯｶｲﾄﾞｳ","ﾎｸﾄｼ"
"01","013030","北海道","当別町","ﾎｯｶｲﾄﾞｳ","ﾄｳﾍﾞﾂﾁｮｳ"
"01","013048","北海道","新篠津村","ﾎｯｶｲﾄﾞｳ","ｼﾝｼﾉﾂﾑﾗ"
"01","013315","北海道","松前町","ﾎｯｶｲﾄﾞｳ","ﾏﾂﾏｴﾁｮｳ"
"01","013323","北海道","福島町","ﾎｯｶｲﾄﾞｳ","ﾌｸｼﾏﾁｮｳ"
"01","013331","北海道","知内町","ﾎｯｶｲﾄﾞｳ","ｼﾘｳﾁﾁｮｳ"
"01","013340","北海道","木古内町","ﾎｯｶｲﾄﾞｳ","ｷｺﾅｲﾁｮｳ"
"01","013374","北海道","七飯町","ﾎｯｶｲﾄﾞｳ","ﾅﾅｴﾁｮｳ"
"01","013439","北海道","鹿部町","ﾎｯｶｲﾄﾞｳ","ｼｶﾍﾞﾁｮｳ"
"01","013455","北海道","森町","ﾎｯｶｲﾄﾞｳ","ﾓﾘﾏﾁ"
"01","013463","北海道","八雲町","ﾎｯｶｲﾄﾞｳ","ﾔｸﾓﾁｮｳ"
"01","013471","北海道","長万部町","ﾎｯｶｲﾄﾞｳ","ｵｼｬﾏﾝﾍﾞﾁｮｳ"
"01","013617","北海道","江差町","ﾎｯｶｲﾄﾞｳ","ｴｻｼﾁｮｳ"
"01","013625","北海道","上ノ国町","ﾎｯｶｲﾄﾞｳ","ｶﾐﾉｸﾆﾁｮｳ"
"01","013633","北海道","厚沢部町","ﾎｯｶｲﾄﾞｳ","ｱｯｻﾌﾞﾁｮｳ"
"01","013641","北海道","乙部町","ﾎｯｶｲﾄﾞｳ","ｵﾄﾍﾞﾁｮｳ"
"01","013676","北海道","奥尻町","ﾎｯｶｲﾄﾞｳ","ｵｸｼﾘﾁｮｳ"
"01","013706","北海道","今金町","ﾎｯｶｲﾄﾞｳ","ｲﾏｶﾈﾁｮｳ"
"01","013714","北海道","せたな町","ﾎｯｶｲﾄﾞｳ","ｾﾀﾅﾁｮｳ"
"01","013919","北海道","島牧村","ﾎｯｶｲﾄﾞｳ","ｼﾏﾏｷﾑﾗ"
"01","013927","北海道","寿都町","ﾎｯｶｲﾄﾞｳ","ｽｯﾂﾁｮｳ"
"01","013935","北海道","黒松内町","ﾎｯｶｲﾄﾞｳ","ｸﾛﾏﾂﾅｲﾁｮｳ"
"01","013943","北海道","蘭越町","ﾎｯｶｲﾄﾞｳ","ﾗﾝｺｼﾁｮｳ"
"01","013951","北海道","ニセコ町","ﾎｯｶｲﾄﾞｳ","ﾆｾｺﾁｮｳ"
"01","013960","北海道","真狩村","ﾎｯｶｲﾄﾞｳ","ﾏｯｶﾘﾑﾗ"
"01","013978","北海道","留寿都村","ﾎｯｶｲﾄﾞｳ","ﾙｽﾂﾑﾗ"
"01","013986","北海道","喜茂別町","ﾎｯｶｲﾄﾞｳ","ｷﾓﾍﾞﾂﾁｮｳ"
"01","013994","北海道","京極町","ﾎｯｶｲﾄﾞｳ","ｷｮｳｺﾞｸﾁｮｳ"
"01","014001","北海道","倶知安町","ﾎｯｶｲﾄﾞｳ","ｸｯﾁｬﾝﾁｮｳ"
"01","014010","北海道","共和町","ﾎｯｶｲﾄﾞｳ","ｷｮｳﾜﾁｮｳ"
"01","014028","北海道","岩内町","ﾎｯｶｲﾄﾞｳ","ｲﾜﾅｲﾁｮｳ"
"01","014036","北海道","泊村","ﾎｯｶｲﾄﾞｳ","ﾄﾏﾘﾑﾗ"
"01","014044","北海道","神恵内村","ﾎｯｶｲﾄﾞｳ","ｶﾓｴﾅｲﾑﾗ"
"01","014052","北海道","積丹町","ﾎｯｶｲﾄﾞｳ","ｼｬｺﾀﾝﾁｮｳ"
"01","014061","北海道","古平町","ﾎｯｶｲﾄﾞｳ","ﾌﾙﾋﾞﾗﾁｮｳ"
"01","014079","北海道","仁木町","ﾎｯｶｲﾄﾞｳ","ﾆｷﾁｮｳ"
"01","014087","北海道","余市町","ﾎｯｶｲﾄﾞｳ","ﾖｲﾁﾁｮｳ"
"01","014095","北海道","赤井川村","ﾎｯｶｲﾄﾞｳ","ｱｶｲｶﾞﾜﾑﾗ"
"01","014231","北海道","南幌町","ﾎｯｶｲﾄﾞｳ","ﾅﾝﾎﾟﾛﾁｮｳ"
"01","014249","北海道","奈井江町","ﾎｯｶｲﾄﾞｳ","ﾅｲｴﾁｮｳ"
"01","014257","北海道","上砂川町","ﾎｯｶｲﾄﾞｳ","ｶﾐｽﾅｶﾞﾜﾁｮｳ"
"01","014273","北海道","由仁町","ﾎｯｶｲﾄﾞｳ","ﾕﾆﾁｮｳ"
"01","014281","北海道","長沼町","ﾎｯｶｲﾄﾞｳ","ﾅｶﾞﾇﾏﾁｮｳ"
"01","014290","北海道","栗山町","ﾎｯｶｲﾄﾞｳ","ｸﾘﾔﾏﾁｮｳ"
"01","014303","北海道","月形町","ﾎｯｶｲﾄﾞｳ","ﾂｷｶﾞﾀﾁｮｳ"
"01","014311","北海道","浦臼町","ﾎｯｶｲﾄﾞｳ","ｳﾗｳｽﾁｮｳ"
"01","014320","北海道","新十津川町","ﾎｯｶｲﾄﾞｳ","ｼﾝﾄﾂｶﾜﾁｮｳ"
"01","014338","北海道","妹背牛町","ﾎｯｶｲﾄﾞｳ","ﾓｾｳｼﾁｮｳ"
"01","014346","北海道","秩父別町","ﾎｯｶｲﾄﾞｳ","ﾁｯﾌﾟﾍﾞﾂﾁｮｳ"
"01","014362","北海道","雨竜町","ﾎｯｶｲﾄﾞｳ","ｳﾘｭｳﾁｮｳ"
"01","014371","北海道","北竜町","ﾎｯｶｲﾄﾞｳ","ﾎｸﾘｭｳﾁｮｳ"
"01","014389","北海道","沼田町","ﾎｯｶｲﾄﾞｳ","ﾇﾏﾀﾁｮｳ"
"01","014524","北海道","鷹栖町","ﾎｯｶｲﾄﾞｳ","ﾀｶｽﾁｮｳ"
"01","014532","北海道","東神楽町","ﾎｯｶｲﾄﾞｳ","ﾋｶﾞｼｶｸﾞﾗﾁｮｳ"
"01","014541","北海道","当麻町","ﾎｯｶｲﾄﾞｳ","ﾄｳﾏﾁｮｳ"
"01","014559","北海道","比布町","ﾎｯｶｲﾄﾞｳ","ﾋﾟｯﾌﾟﾁｮｳ"
"01","014567","北海道","愛別町","ﾎｯｶｲﾄﾞｳ","ｱｲﾍﾞﾂﾁｮｳ"
"01","014575","北海道","上川町","ﾎｯｶｲﾄﾞｳ","ｶﾐｶﾜﾁｮｳ"
"01","014583","北海道","東川町","ﾎｯｶｲﾄﾞｳ","ﾋｶﾞｼｶﾜﾁｮｳ"
"01","014591","北海道","美瑛町","ﾎｯｶｲﾄﾞｳ","ﾋﾞｴｲﾁｮｳ"
"01","014605","北海道","上富良野町","ﾎｯｶｲﾄﾞｳ","ｶﾐﾌﾗﾉﾁｮｳ"
"01","014613","北海道","中富良野町","ﾎｯｶｲﾄﾞｳ","ﾅｶﾌﾗﾉﾁｮｳ"
"01","014621","北海道","南富良野町","ﾎｯｶｲﾄﾞｳ","ﾐﾅﾐﾌﾗﾉﾁｮｳ"
"01","014630","北海道","占冠村","ﾎｯｶｲﾄﾞｳ","ｼﾑｶｯﾌﾟﾑﾗ"
"01","014648","北海道","和寒町","ﾎｯｶｲﾄﾞｳ","ﾜｯｻﾑﾁｮｳ"
"01","014656","北海道","剣淵町","ﾎｯｶｲﾄﾞｳ","ｹﾝﾌﾞﾁﾁｮｳ"
"01","014681","北海道","下川町","ﾎｯｶｲﾄﾞｳ","ｼﾓｶﾜﾁｮｳ"
"01","014699","北海道","美深町","ﾎｯｶｲﾄﾞｳ","ﾋﾞﾌｶﾁｮｳ"
"01","014702","北海道","音威子府村","ﾎｯｶｲﾄﾞｳ","ｵﾄｲﾈｯﾌﾟﾑﾗ"
"01","014711","北海道","中川町","ﾎｯｶｲﾄﾞｳ","ﾅｶｶﾞﾜﾁｮｳ"
"01","014729","北海道","幌加内町","ﾎｯｶｲﾄﾞｳ","ﾎﾛｶﾅｲﾁｮｳ"
"01","014818","北海道","増毛町","ﾎｯｶｲﾄﾞｳ","ﾏｼｹﾁｮｳ"
"01","014826","北海道","小平町","ﾎｯｶｲﾄﾞｳ","ｵﾋﾞﾗﾁｮｳ"
"01","014834","北海道","苫前町","ﾎｯｶｲﾄﾞｳ","ﾄﾏﾏｴﾁｮｳ"
"01","014842","北海道","羽幌町","ﾎｯｶｲﾄﾞｳ","ﾊﾎﾞﾛﾁｮｳ"
"01","014851","北海道","初山別村","ﾎｯｶｲﾄﾞｳ","ｼｮｻﾝﾍﾞﾂﾑﾗ"
"01","014869","北海道","遠別町","ﾎｯｶｲﾄﾞｳ","ｴﾝﾍﾞﾂﾁｮｳ"
"01","014877","北海道","天塩町","ﾎｯｶｲﾄﾞｳ","ﾃｼｵﾁｮｳ"
"01","015113","北海道","猿払村","ﾎｯｶｲﾄﾞｳ","ｻﾙﾌﾂﾑﾗ"
"01","015121","北海道","浜頓別町","ﾎｯｶｲﾄﾞｳ","ﾊﾏﾄﾝﾍﾞﾂﾁｮｳ"
"01","015130","北海道","中頓別町","ﾎｯｶｲﾄﾞｳ","ﾅｶﾄﾝﾍﾞﾂﾁｮｳ"
"01","015148","北海道","枝幸町","ﾎｯｶｲﾄﾞｳ","ｴｻｼﾁｮｳ"
"01","015164","北海道","豊富町","ﾎｯｶｲﾄﾞｳ","ﾄﾖﾄﾐﾁｮｳ"
"01","015172","北海道","礼文町","ﾎｯｶｲﾄﾞｳ","ﾚﾌﾞﾝﾁｮｳ"
"01","015181","北海道","利尻町","ﾎｯｶｲﾄﾞｳ","ﾘｼﾘﾁｮｳ"
"01","015199","北海道","利尻富士町","ﾎｯｶｲﾄﾞｳ","ﾘｼﾘﾌｼﾞﾁｮｳ"
"01","015202","北海道","幌延町","ﾎｯｶｲﾄﾞｳ","ﾎﾛﾉﾍﾞﾁｮｳ"
"01","015431","北海道","美幌町","ﾎｯｶｲﾄﾞｳ","ﾋﾞﾎﾛﾁｮｳ"
"01","015440","北海道","津別町","ﾎｯｶｲﾄﾞｳ","ﾂﾍﾞﾂﾁｮｳ"
"01","015458","北海道","斜里町","ﾎｯｶｲﾄﾞｳ","ｼｬﾘﾁｮｳ"
"01","015466","北海道","清里町","ﾎｯｶｲﾄﾞｳ","ｷﾖｻﾄﾁｮｳ"
"01","015474","北海道","小清水町","ﾎｯｶｲﾄﾞｳ","ｺｼﾐｽﾞﾁｮｳ"
"01","015491","北海道","訓子府町","ﾎｯｶｲﾄﾞｳ","ｸﾝﾈｯﾌﾟﾁｮｳ"
"01","015504","北海道","置戸町","ﾎｯｶｲﾄﾞｳ","ｵｹﾄﾁｮｳ"
"01","015521","北海道","佐呂間町","ﾎｯｶｲﾄﾞｳ","ｻﾛﾏﾁｮｳ"
"01","015555","北海道","遠軽町","ﾎｯｶｲﾄﾞｳ","ｴﾝｶﾞﾙﾁｮｳ"
"01","015598","北海道","湧別町","ﾎｯｶｲﾄﾞｳ","ﾕｳﾍﾞﾂﾁｮｳ"
"01","015601","北海道","滝上町","ﾎｯｶｲﾄﾞｳ","ﾀｷﾉｳｴﾁｮｳ"
"01","015610","北海道","興部町","ﾎｯｶｲﾄﾞｳ","ｵｺｯﾍﾟﾁｮｳ"
"01","015628","北海道","西興部村","ﾎｯｶｲﾄﾞｳ","ﾆｼｵｺｯﾍﾟﾑﾗ"
"01","015636","北海道","雄武町","ﾎｯｶｲﾄﾞｳ","ｵｳﾑﾁｮｳ"
"01","015644","北海道","大空町","ﾎｯｶｲﾄﾞｳ","ｵｵｿﾞﾗﾁｮｳ"
"01","015717","北海道","豊浦町","ﾎｯｶｲﾄﾞｳ","ﾄﾖｳﾗﾁｮｳ"
"01","015750","北海道","壮瞥町","ﾎｯｶｲﾄﾞｳ","ｿｳﾍﾞﾂﾁｮｳ"
"01","015784","北海道","白老町","ﾎｯｶｲﾄﾞｳ","ｼﾗｵｲﾁｮｳ"
"01","015814","北海道","厚真町","ﾎｯｶｲﾄﾞｳ","ｱﾂﾏﾁｮｳ"
"01","015849","北海道","洞爺湖町","ﾎｯｶｲﾄﾞｳ","ﾄｳﾔｺﾁｮｳ"
"01","015857","北海道","安平町","ﾎｯｶｲﾄﾞｳ","ｱﾋﾞﾗﾁｮｳ"
"01","015865","北海道","むかわ町","ﾎｯｶｲﾄﾞｳ","ﾑｶﾜﾁｮｳ"
"01","016012","北海道","日高町","ﾎｯｶｲﾄﾞｳ","ﾋﾀﾞｶﾁｮｳ"
"01","016021","北海道","平取町","ﾎｯｶｲﾄﾞｳ","ﾋﾞﾗﾄﾘﾁｮｳ"
"01","016047","北海道","新冠町","ﾎｯｶｲﾄﾞｳ","ﾆｲｶｯﾌﾟﾁｮｳ"
"01","016071","北海道","浦河町","ﾎｯｶｲﾄﾞｳ","ｳﾗｶﾜﾁｮｳ"
"01","016080","北海道","様似町","ﾎｯｶｲﾄﾞｳ","ｻﾏﾆﾁｮｳ"
"01","016098","北海道","えりも町","ﾎｯｶｲﾄﾞｳ","ｴﾘﾓﾁｮｳ"
"01","016101","北海道","新ひだか町","ﾎｯｶｲﾄﾞｳ","ｼﾝﾋﾀﾞｶﾁｮｳ"
"01","016314","北海道","音更町","ﾎｯｶｲﾄﾞｳ","ｵﾄﾌｹﾁｮｳ"
"01","016322","北海道","士幌町","ﾎｯｶｲﾄﾞｳ","ｼﾎﾛﾁｮｳ"
"01","016331","北海道","上士幌町","ﾎｯｶｲﾄﾞｳ","ｶﾐｼﾎﾛﾁｮｳ"
"01","016349","北海道","鹿追町","ﾎｯｶｲﾄﾞｳ","ｼｶｵｲﾁｮｳ"
"01","016357","北海道","新得町","ﾎｯｶｲﾄﾞｳ","ｼﾝﾄｸﾁｮｳ"
"01","016365","北海道","清水町","ﾎｯｶｲﾄﾞｳ","ｼﾐｽﾞﾁｮｳ"
"01","016373","北海道","芽室町","ﾎｯｶｲﾄﾞｳ","ﾒﾑﾛﾁｮｳ"
"01","016381","北海道","中札内村","ﾎｯｶｲﾄﾞｳ","ﾅｶｻﾂﾅｲﾑﾗ"
"01","016390","北海道","更別村","ﾎｯｶｲﾄﾞｳ","ｻﾗﾍﾞﾂﾑﾗ"
"01","016411","北海道","大樹町","ﾎｯｶｲﾄﾞｳ","ﾀｲｷﾁｮｳ"
"01","016420","北海道","広尾町","ﾎｯｶｲﾄﾞｳ","ﾋﾛｵﾁｮｳ"
"01","016438","北海道","幕別町","ﾎｯｶｲﾄﾞｳ","ﾏｸﾍﾞﾂﾁｮｳ"
"01","016446","北海道","池田町","ﾎｯｶｲﾄﾞｳ","ｲｹﾀﾞﾁｮｳ"
"01","016454","北海道","豊頃町","ﾎｯｶｲﾄﾞｳ","ﾄﾖｺﾛﾁｮｳ"
"01","016462","北海道","本別町","ﾎｯｶｲﾄﾞｳ","ﾎﾝﾍﾞﾂﾁｮｳ"
"01","016471","北海道","足寄町","ﾎｯｶｲﾄﾞｳ","ｱｼｮﾛﾁｮｳ"
"01","016489","北海道","陸別町","ﾎｯｶｲﾄﾞｳ","ﾘｸﾍﾞﾂﾁｮｳ"
"01","016497","北海道","浦幌町","ﾎｯｶｲﾄﾞｳ","ｳﾗﾎﾛﾁｮｳ"
"01","016616","北海道","釧路町","ﾎｯｶｲﾄﾞｳ","ｸｼﾛﾁｮｳ"
"01","016624","北海道","厚岸町","ﾎｯｶｲﾄﾞｳ","ｱｯｹｼﾁｮｳ"
"01","016632","北海道","浜中町","ﾎｯｶｲﾄﾞｳ","ﾊﾏﾅｶﾁｮｳ"
"01","016641","北海道","標茶町","ﾎｯｶｲﾄﾞｳ","ｼﾍﾞﾁｬﾁｮｳ"
"01","016659","北海道","弟子屈町","ﾎｯｶｲﾄﾞｳ","ﾃｼｶｶﾞﾁｮｳ"
"01","016675","北海道","鶴居村","ﾎｯｶｲﾄﾞｳ","ﾂﾙｲﾑﾗ"
"01","016683","北海道","白糠町","ﾎｯｶｲﾄﾞｳ","ｼﾗﾇｶﾁｮｳ"
"01","016918","北海道","別海町","ﾎｯｶｲﾄﾞｳ","ﾍﾞﾂｶｲﾁｮｳ"
"01","016926","北海道","中標津町","ﾎｯｶｲﾄﾞｳ","ﾅｶｼﾍﾞﾂﾁｮｳ"
"01","016934","北海道","標津町","ﾎｯｶｲﾄﾞｳ","ｼﾍﾞﾂﾁｮｳ"
"01","016942","北海道","羅臼町","ﾎｯｶｲﾄﾞｳ","ﾗｳｽﾁｮｳ"
"01","016951","北海道","色丹村","ﾎｯｶｲﾄﾞｳ","ｼｺﾀﾝﾑﾗ"
"01","016969","北海道","泊村","ﾎｯｶｲﾄﾞｳ","ﾄﾏﾘﾑﾗ"
"01","016977","北海道","留夜別村","ﾎｯｶｲﾄﾞｳ","ﾙﾔﾍﾞﾂﾑﾗ"
"01","016985","北海道","留別村","ﾎｯｶｲﾄﾞｳ","ﾙﾍﾞﾂﾑﾗ"
"01","016993","北海道","紗那村","ﾎｯｶｲﾄﾞｳ","ｼｬﾅﾑﾗ"
"01","017001","北海道","蘂取村","ﾎｯｶｲﾄﾞｳ","ｼﾍﾞﾄﾛﾑﾗ"
"02","020001","青森県","","ｱｵﾓﾘｹﾝ",""
"02","022012","青森県","青森市","ｱｵﾓﾘｹﾝ","ｱｵﾓﾘｼ"
"02","022021","青森県","弘前市","ｱｵﾓﾘｹﾝ","ﾋﾛｻｷｼ"
"02","022039","青森県","八戸市","ｱｵﾓﾘｹﾝ","ﾊﾁﾉﾍｼ"
"02","022047","青森県","黒石市","ｱｵﾓﾘｹﾝ","ｸﾛｲｼｼ"
"02","022055","青森県","五所川原市","ｱｵﾓﾘｹﾝ","ｺﾞｼｮｶﾞﾜﾗｼ"
"02","022063","青森県","十和田市","ｱｵﾓﾘｹﾝ","ﾄﾜﾀﾞｼ"
"02","022071","青森県","三沢市","ｱｵﾓﾘｹﾝ","ﾐｻﾜｼ"
"02","022080","青森県","むつ市","ｱｵﾓﾘｹﾝ","ﾑﾂｼ"
"02","022098","青森県","つがる市","ｱｵﾓﾘｹﾝ","ﾂｶﾞﾙｼ"
"02","022101","青森県","平川市","ｱｵﾓﾘｹﾝ","ﾋﾗｶﾜｼ"
"02","023019","青森県","平内町","ｱｵﾓﾘｹﾝ","ﾋﾗﾅｲﾏﾁ"
"02","023035","青森県","今別町","ｱｵﾓﾘｹﾝ","ｲﾏﾍﾞﾂﾏﾁ"
"02","023043","青森県","蓬田村","ｱｵﾓﾘｹﾝ","ﾖﾓｷﾞﾀﾑﾗ"
"02","023078","青森県","外ヶ浜町","ｱｵﾓﾘｹﾝ","ｿﾄｶﾞﾊﾏﾏﾁ"
"02","023213","青森県","鰺ヶ沢町","ｱｵﾓﾘｹﾝ","ｱｼﾞｶﾞｻﾜﾏﾁ"
"02","023230","青森県","深浦町","ｱｵﾓﾘｹﾝ","ﾌｶｳﾗﾏﾁ"
"02","023434","青森県","西目屋村","ｱｵﾓﾘｹﾝ","ﾆｼﾒﾔﾑﾗ"
"02","023612","青森県","藤崎町","ｱｵﾓﾘｹﾝ","ﾌｼﾞｻｷﾏﾁ"
"02","023621","青森県","大鰐町","ｱｵﾓﾘｹﾝ","ｵｵﾜﾆﾏﾁ"
"02","023671","青森県","田舎館村","ｱｵﾓﾘｹﾝ","ｲﾅｶﾀﾞﾃﾑﾗ"
"02","023817","青森県","板柳町","ｱｵﾓﾘｹﾝ","ｲﾀﾔﾅｷﾞﾏﾁ"
"02","023841","青森県","鶴田町","ｱｵﾓﾘｹﾝ","ﾂﾙﾀﾏﾁ"
"02","023876","青森県","中泊町","ｱｵﾓﾘｹﾝ","ﾅｶﾄﾞﾏﾘﾏﾁ"
"02","024015","青森県","野辺地町","ｱｵﾓﾘｹﾝ","ﾉﾍｼﾞﾏﾁ"
"02","024023","青森県","七戸町","ｱｵﾓﾘｹﾝ","ｼﾁﾉﾍﾏﾁ"
"02","024058","青森県","六戸町","ｱｵﾓﾘｹﾝ","ﾛｸﾉﾍﾏﾁ"
"02","024066","青森県","横浜町","ｱｵﾓﾘｹﾝ","ﾖｺﾊﾏﾏﾁ"
"02","024082","青森県","東北町","ｱｵﾓﾘｹﾝ","ﾄｳﾎｸﾏﾁ"
"02","024112","青森県","六ヶ所村","ｱｵﾓﾘｹﾝ","ﾛｯｶｼｮﾑﾗ"
"02","024121","青森県","おいらせ町","ｱｵﾓﾘｹﾝ","ｵｲﾗｾﾁｮｳ"
"02","024236","青森県","大間町","ｱｵﾓﾘｹﾝ","ｵｵﾏﾏﾁ"
"02","024244","青森県","東通村","ｱｵﾓﾘｹﾝ","ﾋｶﾞｼﾄﾞｵﾘﾑﾗ"
"02","024252","青森県","風間浦村","ｱｵﾓﾘｹﾝ","ｶｻﾞﾏｳﾗﾑﾗ"
"02","024261","青森県","佐井村","ｱｵﾓﾘｹﾝ","ｻｲﾑﾗ"
"02","024414","青森県","三戸町","ｱｵﾓﾘｹﾝ","ｻﾝﾉﾍﾏﾁ"
"02","024422","青森県","五戸町","ｱｵﾓﾘｹﾝ","ｺﾞﾉﾍﾏﾁ"
"02","024431","青森県","田子町","ｱｵﾓﾘｹﾝ","ﾀｯｺﾏﾁ"
"02","024457","青森県","南部町","ｱｵﾓﾘｹﾝ","ﾅﾝﾌﾞﾁｮｳ"
"02","024465","青森県","階上町","ｱｵﾓﾘｹﾝ","ﾊｼｶﾐﾁｮｳ"
"02","024503","青森県","新郷村","ｱｵﾓﾘｹﾝ","ｼﾝｺﾞｳﾑﾗ"
"03","030007","岩手県","","ｲﾜﾃｹﾝ",""
"03","032018","岩手県","盛岡市","ｲﾜﾃｹﾝ","ﾓﾘｵｶｼ"
"03","032026","岩手県","宮古市","ｲﾜﾃｹﾝ","ﾐﾔｺｼ"
"03","032034","岩手県","大船渡市","ｲﾜﾃｹﾝ","ｵｵﾌﾅﾄｼ"
"03","032051","岩手県","花巻市","ｲﾜﾃｹﾝ","ﾊﾅﾏｷｼ"
"03","032069","岩手県","北上市","ｲﾜﾃｹﾝ","ｷﾀｶﾐｼ"
"03","032077","岩手県","久慈市","ｲﾜﾃｹﾝ","ｸｼﾞｼ"
"03","032085","岩手県","遠野市","ｲﾜﾃｹﾝ","ﾄｵﾉｼ"
"03","032093","岩手県","一関市","ｲﾜﾃｹﾝ","ｲﾁﾉｾｷｼ"
"03","032107","岩手県","陸前高田市","ｲﾜﾃｹﾝ","ﾘｸｾﾞﾝﾀｶﾀｼ"
"03","032115","岩手県","釜石市","ｲﾜﾃｹﾝ","ｶﾏｲｼｼ"
"03","032131","岩手県","二戸市","ｲﾜﾃｹﾝ","ﾆﾉﾍｼ"
"03","032140","岩手県","八幡平市","ｲﾜﾃｹﾝ","ﾊﾁﾏﾝﾀｲｼ"
"03","032158","岩手県","奥州市","ｲﾜﾃｹﾝ","ｵｳｼｭｳｼ"
"03","032166","岩手県","滝沢市","ｲﾜﾃｹﾝ","ﾀｷｻﾞﾜｼ"
"03","033014","岩手県","雫石町","ｲﾜﾃｹﾝ","ｼｽﾞｸｲｼﾁｮｳ"
"03","033022","岩手県","葛巻町","ｲﾜﾃｹﾝ","ｸｽﾞﾏｷﾏﾁ"
"03","033031","岩手県","岩手町","ｲﾜﾃｹﾝ","ｲﾜﾃﾏﾁ"
"03","033219","岩手県","紫波町","ｲﾜﾃｹﾝ","ｼﾜﾁｮｳ"
"03","033227","岩手県","矢巾町","ｲﾜﾃｹﾝ","ﾔﾊﾊﾞﾁｮｳ"
"03","033669","岩手県","西和賀町","ｲﾜﾃｹﾝ","ﾆｼﾜｶﾞﾏﾁ"
"03","033812","岩手県","金ケ崎町","ｲﾜﾃｹﾝ","ｶﾈｶﾞｻｷﾁｮｳ"
"03","034029","岩手県","平泉町","ｲﾜﾃｹﾝ","ﾋﾗｲｽﾞﾐﾁｮｳ"
"03","034410","岩手県","住田町","ｲﾜﾃｹﾝ","ｽﾐﾀﾁｮｳ"
"03","034614","岩手県","大槌町","ｲﾜﾃｹﾝ","ｵｵﾂﾁﾁｮｳ"
"03","034827","岩手県","山田町","ｲﾜﾃｹﾝ","ﾔﾏﾀﾞﾏﾁ"
"03","034835","岩手県","岩泉町","ｲﾜﾃｹﾝ","ｲﾜｲｽﾞﾐﾁｮｳ"
"03","034843","岩手県","田野畑村","ｲﾜﾃｹﾝ","ﾀﾉﾊﾀﾑﾗ"
"03","034851","岩手県","普代村","ｲﾜﾃｹﾝ","ﾌﾀﾞｲﾑﾗ"
"03","035017","岩手県","軽米町","ｲﾜﾃｹﾝ","ｶﾙﾏｲﾏﾁ"
"03","035033","岩手県","野田村","ｲﾜﾃｹﾝ","ﾉﾀﾞﾑﾗ"
"03","035068","岩手県","九戸村","ｲﾜﾃｹﾝ","ｸﾉﾍﾑﾗ"
"03","035076","岩手県","洋野町","ｲﾜﾃｹﾝ","ﾋﾛﾉﾁｮｳ"
"03","035246","岩手県","一戸町","ｲﾜﾃｹﾝ","ｲﾁﾉﾍﾏﾁ"
"04","040002","宮城県","","ﾐﾔｷﾞｹﾝ",""
"04","041009","宮城県","仙台市","ﾐﾔｷﾞｹﾝ","ｾﾝﾀﾞｲｼ"
"04","041017","宮城県","仙台市青葉区","ﾐﾔｷﾞｹﾝ","ｾﾝﾀﾞｲｼｱｵﾊﾞｸ"
"04","041025","宮城県","仙台市宮城野区","ﾐﾔｷﾞｹﾝ","ｾﾝﾀﾞｲｼﾐﾔｷﾞﾉｸ"
"04","041033","宮城県","仙台市若林区","ﾐﾔｷﾞｹﾝ","ｾﾝﾀﾞｲｼﾜｶﾊﾞﾔｼｸ"
"04","041041","宮城県","仙台市太白区","ﾐﾔｷﾞｹﾝ","ｾﾝﾀﾞｲｼﾀｲﾊｸｸ"
"04","041050","宮城県","仙台市泉区","ﾐﾔｷﾞｹﾝ","ｾﾝﾀﾞｲｼｲｽﾞﾐｸ"
"04","042021","宮城県","石巻市","ﾐﾔｷﾞｹﾝ","ｲｼﾉﾏｷｼ"
"04","042030","宮城県","塩竈市","ﾐﾔｷﾞｹﾝ","ｼｵｶﾞﾏｼ"
"04","042056","宮城県","気仙沼市","ﾐﾔｷﾞｹﾝ","ｹｾﾝﾇﾏｼ"
"04","042064","宮城県","白石市","ﾐﾔｷﾞｹﾝ","ｼﾛｲｼｼ"
"04","042072","宮城県","名取市","ﾐﾔｷﾞｹﾝ","ﾅﾄﾘｼ"
"04","042081","宮城県","角田市","ﾐﾔｷﾞｹﾝ","ｶｸﾀﾞｼ"
"04","042099","宮城県","多賀城市","ﾐﾔｷﾞｹﾝ","ﾀｶﾞｼﾞｮｳｼ"
"04","042111","宮城県","岩沼市","ﾐﾔｷﾞｹﾝ","ｲﾜﾇﾏｼ"
"04","042129","宮城県","登米市","ﾐﾔｷﾞｹﾝ","ﾄﾒｼ"
"04","042137","宮城県","栗原市","ﾐﾔｷﾞｹﾝ","ｸﾘﾊﾗｼ"
"04","042145","宮城県","東松島市","ﾐﾔｷﾞｹﾝ","ﾋｶﾞｼﾏﾂｼﾏｼ"
"04","042153","宮城県","大崎市","ﾐﾔｷﾞｹﾝ","ｵｵｻｷｼ"
"04","042161","宮城県","富谷市","ﾐﾔｷﾞｹﾝ","ﾄﾐﾔｼ"
"04","043010","宮城県","蔵王町","ﾐﾔｷﾞｹﾝ","ｻﾞｵｳﾏﾁ"
"04","043028","宮城県","七ヶ宿町","ﾐﾔｷﾞｹﾝ","ｼﾁｶｼｭｸﾏﾁ"
"04","043214","宮城県","大河原町","ﾐﾔｷﾞｹﾝ","ｵｵｶﾞﾜﾗﾏﾁ"
"04","043222","宮城県","村田町","ﾐﾔｷﾞｹﾝ","ﾑﾗﾀﾏﾁ"
"04","043231","宮城県","柴田町","ﾐﾔｷﾞｹﾝ","ｼﾊﾞﾀﾏﾁ"
"04","043249","宮城県","川崎町","ﾐﾔｷﾞｹﾝ","ｶﾜｻｷﾏﾁ"
"04","043419","宮城県","丸森町","ﾐﾔｷﾞｹﾝ","ﾏﾙﾓﾘﾏﾁ"
"04","043613","宮城県","亘理町","ﾐﾔｷﾞｹﾝ","ﾜﾀﾘﾁｮｳ"
"04","043621","宮城県","山元町","ﾐﾔｷﾞｹﾝ","ﾔﾏﾓﾄﾁｮｳ"
"04","044016","宮城県","松島町","ﾐﾔｷﾞｹﾝ","ﾏﾂｼﾏﾏﾁ"
"04","044041","宮城県","七ヶ浜町","ﾐﾔｷﾞｹﾝ","ｼﾁｶﾞﾊﾏﾏﾁ"
"04","044067","宮城県","利府町","ﾐﾔｷﾞｹﾝ","ﾘﾌﾁｮｳ"
"04","044211","宮城県","大和町","ﾐﾔｷﾞｹﾝ","ﾀｲﾜﾁｮｳ"
"04","044229","宮城県","大郷町","ﾐﾔｷﾞｹﾝ","ｵｵｻﾄﾁｮｳ"
"04","044245","宮城県","大衡村","ﾐﾔｷﾞｹﾝ","ｵｵﾋﾗﾑﾗ"
"04","044440","宮城県","色麻町","ﾐﾔｷﾞｹﾝ","ｼｶﾏﾁｮｳ"
"04","044458","宮城県","加美町","ﾐﾔｷﾞｹﾝ","ｶﾐﾏﾁ"
"04","045012","宮城県","涌谷町","ﾐﾔｷﾞｹﾝ","ﾜｸﾔﾁｮｳ"
"04","045055","宮城県","美里町","ﾐﾔｷﾞｹﾝ","ﾐｻﾄﾏﾁ"
"04","045811","宮城県","女川町","ﾐﾔｷﾞｹﾝ","ｵﾅｶﾞﾜﾁｮｳ"
"04","046060","宮城県","南三陸町","ﾐﾔｷﾞｹﾝ","ﾐﾅﾐｻﾝﾘｸﾁｮｳ"
"05","050008","秋田県","","ｱｷﾀｹﾝ",""
"05","052019","秋田県","秋田市","ｱｷﾀｹﾝ","ｱｷﾀｼ"
"05","052027","秋田県","能代市","ｱｷﾀｹﾝ","ﾉｼﾛｼ"
"05","052035","秋田県","横手市","ｱｷﾀｹﾝ","ﾖｺﾃｼ"
"05","052043","秋田県","大館市","ｱｷﾀｹﾝ","ｵｵﾀﾞﾃｼ"
"05","052060","秋田県","男鹿市","ｱｷﾀｹﾝ","ｵｶﾞｼ"
"05","052078","秋田県","湯沢市","ｱｷﾀｹﾝ","ﾕｻﾞﾜｼ"
"05","052094","秋田県","鹿角市","ｱｷﾀｹﾝ","ｶﾂﾞﾉｼ"
"05","052108","秋田県","由利本荘市","ｱｷﾀｹﾝ","ﾕﾘﾎﾝｼﾞｮｳｼ"
"05","052116","秋田県","潟上市","ｱｷﾀｹﾝ","ｶﾀｶﾞﾐｼ"
"05","052124","秋田県","大仙市","ｱｷﾀｹﾝ","ﾀﾞｲｾﾝｼ"
"05","052132","秋田県","北秋田市","ｱｷﾀｹﾝ","ｷﾀｱｷﾀｼ"
"05","052141","秋田県","にかほ市","ｱｷﾀｹﾝ","ﾆｶﾎｼ"
"05","052159","秋田県","仙北市","ｱｷﾀｹﾝ","ｾﾝﾎﾞｸｼ"
"05","053031","秋田県","小坂町","ｱｷﾀｹﾝ","ｺｻｶﾏﾁ"
"05","053279","秋田県","上小阿仁村","ｱｷﾀｹﾝ","ｶﾐｺｱﾆﾑﾗ"
"05","053465","秋田県","藤里町","ｱｷﾀｹﾝ","ﾌｼﾞｻﾄﾏﾁ"
"05","053481","秋田県","三種町","ｱｷﾀｹﾝ","ﾐﾀﾈﾁｮｳ"
"05","053490","秋田県","八峰町","ｱｷﾀｹﾝ","ﾊｯﾎﾟｳﾁｮｳ"
"05","053619","秋田県","五城目町","ｱｷﾀｹﾝ","ｺﾞｼﾞｮｳﾒﾏﾁ"
"05","053635","秋田県","八郎潟町","ｱｷﾀｹﾝ","ﾊﾁﾛｳｶﾞﾀﾏﾁ"
"05","053660","秋田県","井川町","ｱｷﾀｹﾝ","ｲｶﾜﾏﾁ"
"05","053686","秋田県","大潟村","ｱｷﾀｹﾝ","ｵｵｶﾞﾀﾑﾗ"
"05","054348","秋田県","美郷町","ｱｷﾀｹﾝ","ﾐｻﾄﾁｮｳ"
"05","054631","秋田県","羽後町","ｱｷﾀｹﾝ","ｳｺﾞﾏﾁ"
"05","054640","秋田県","東成瀬村","ｱｷﾀｹﾝ","ﾋｶﾞｼﾅﾙｾﾑﾗ"
"06","060003","山形県","","ﾔﾏｶﾞﾀｹﾝ",""
"06","062014","山形県","山形市","ﾔﾏｶﾞﾀｹﾝ","ﾔﾏｶﾞﾀｼ"
"06","062022","山形県","米沢市","ﾔﾏｶﾞﾀｹﾝ","ﾖﾈｻﾞﾜｼ"
"06","062031","山形県","鶴岡市","ﾔﾏｶﾞﾀｹﾝ","ﾂﾙｵｶｼ"
"06","062049","山形県","酒田市","ﾔﾏｶﾞﾀｹﾝ","ｻｶﾀｼ"
"06","062057","山形県","新庄市","ﾔﾏｶﾞﾀｹﾝ","ｼﾝｼﾞｮｳｼ"
"06","062065","山形県","寒河江市","ﾔﾏｶﾞﾀｹﾝ","ｻｶﾞｴｼ"
"06","062073","山形県","上山市","ﾔﾏｶﾞﾀｹﾝ","ｶﾐﾉﾔﾏｼ"
"06","062081","山形県","村山市","ﾔﾏｶﾞﾀｹﾝ","ﾑﾗﾔﾏｼ"
"06","062090","山形県","長井市","ﾔﾏｶﾞﾀｹﾝ","ﾅｶﾞｲｼ"
"06","062103","山形県","天童市","ﾔﾏｶﾞﾀｹﾝ","ﾃﾝﾄﾞｳｼ"
"06","062111","山形県","東根市","ﾔﾏｶﾞﾀｹﾝ","ﾋｶﾞｼﾈｼ"
"06","062120","山形県","尾花沢市","ﾔﾏｶﾞﾀｹﾝ","ｵﾊﾞﾅｻﾞﾜｼ"
"06","062138","山形県","南陽市","ﾔﾏｶﾞﾀｹﾝ","ﾅﾝﾖｳｼ"
"06","063011","山形県","山辺町","ﾔﾏｶﾞﾀｹﾝ","ﾔﾏﾉﾍﾞﾏﾁ"
"06","063029","山形県","中山町","ﾔﾏｶﾞﾀｹﾝ","ﾅｶﾔﾏﾏﾁ"
"06","063215","山形県","河北町","ﾔﾏｶﾞﾀｹﾝ","ｶﾎｸﾁｮｳ"
"06","063223","山形県","西川町","ﾔﾏｶﾞﾀｹﾝ","ﾆｼｶﾜﾏﾁ"
"06","063231","山形県","朝日町","ﾔﾏｶﾞﾀｹﾝ","ｱｻﾋﾏﾁ"
"06","063240","山形県","大江町","ﾔﾏｶﾞﾀｹﾝ","ｵｵｴﾏﾁ"
"06","063410","山形県","大石田町","ﾔﾏｶﾞﾀｹﾝ","ｵｵｲｼﾀﾞﾏﾁ"
"06","063614","山形県","金山町","ﾔﾏｶﾞﾀｹﾝ","ｶﾈﾔﾏﾏﾁ"
"06","063622","山形県","最上町","ﾔﾏｶﾞﾀｹﾝ","ﾓｶﾞﾐﾏﾁ"
"06","063631","山形県","舟形町","ﾔﾏｶﾞﾀｹﾝ","ﾌﾅｶﾞﾀﾏﾁ"
"06","063649","山形県","真室川町","ﾔﾏｶﾞﾀｹﾝ","ﾏﾑﾛｶﾞﾜﾏﾁ"
"06","063657","山形県","大蔵村","ﾔﾏｶﾞﾀｹﾝ","ｵｵｸﾗﾑﾗ"
"06","063665","山形県","鮭川村","ﾔﾏｶﾞﾀｹﾝ","ｻｹｶﾞﾜﾑﾗ"
"06","063673","山形県","戸沢村","ﾔﾏｶﾞﾀｹﾝ","ﾄｻﾞﾜﾑﾗ"
"06","063819","山形県","高畠町","ﾔﾏｶﾞﾀｹﾝ","ﾀｶﾊﾀﾏﾁ"
"06","063827","山形県","川西町","ﾔﾏｶﾞﾀｹﾝ","ｶﾜﾆｼﾏﾁ"
"06","064017","山形県","小国町","ﾔﾏｶﾞﾀｹﾝ","ｵｸﾞﾆﾏﾁ"
"06","064025","山形県","白鷹町","ﾔﾏｶﾞﾀｹﾝ","ｼﾗﾀｶﾏﾁ"
"06","064033","山形県","飯豊町","ﾔﾏｶﾞﾀｹﾝ","ｲｲﾃﾞﾏﾁ"
"06","064262","山形県","三川町","ﾔﾏｶﾞﾀｹﾝ","ﾐｶﾜﾏﾁ"
"06","064289","山形県","庄内町","ﾔﾏｶﾞﾀｹﾝ","ｼﾖｳﾅｲﾏﾁ"
"06","064611","山形県","遊佐町","ﾔﾏｶﾞﾀｹﾝ","ﾕｻﾞﾏﾁ"
"07","070009","福島県","","ﾌｸｼﾏｹﾝ",""
"07","072010","福島県","福島市","ﾌｸｼﾏｹﾝ","ﾌｸｼﾏｼ"
"07","072028","福島県","会津若松市","ﾌｸｼﾏｹﾝ","ｱｲﾂﾞﾜｶﾏﾂｼ"
"07","072036","福島県","郡山市","ﾌｸｼﾏｹﾝ","ｺｵﾘﾔﾏｼ"
"07","072044","福島県","いわき市","ﾌｸｼﾏｹﾝ","ｲﾜｷｼ"
"07","072052","福島県","白河市","ﾌｸｼﾏｹﾝ","ｼﾗｶﾜｼ"
"07","072079","福島県","須賀川市","ﾌｸｼﾏｹﾝ","ｽｶｶﾞﾜｼ"
"07","072087","福島県","喜多方市","ﾌｸｼﾏｹﾝ","ｷﾀｶﾀｼ"
"07","072095","福島県","相馬市","ﾌｸｼﾏｹﾝ","ｿｳﾏｼ"
"07","072109","福島県","二本松市","ﾌｸｼﾏｹﾝ","ﾆﾎﾝﾏﾂｼ"
"07","072117","福島県","田村市","ﾌｸｼﾏｹﾝ","ﾀﾑﾗｼ"
"07","072125","福島県","南相馬市","ﾌｸｼﾏｹﾝ","ﾐﾅﾐｿｳﾏｼ"
"07","072133","福島県","伊達市","ﾌｸｼﾏｹﾝ","ﾀﾞﾃｼ"
"07","072141","福島県","本宮市","ﾌｸｼﾏｹﾝ","ﾓﾄﾐﾔｼ"
"07","073016","福島県","桑折町","ﾌｸｼﾏｹﾝ","ｺｵﾘﾏﾁ"
"07","073032","福島県","国見町","ﾌｸｼﾏｹﾝ","ｸﾆﾐﾏﾁ"
"07","073083","福島県","川俣町","ﾌｸｼﾏｹﾝ","ｶﾜﾏﾀﾏﾁ"
"07","073229","福島県","大玉村","ﾌｸｼﾏｹﾝ","ｵｵﾀﾏﾑﾗ"
"07","073423","福島県","鏡石町","ﾌｸｼﾏｹﾝ","ｶｶﾞﾐｲｼﾏﾁ"
"07","073440","福島県","天栄村","ﾌｸｼﾏｹﾝ","ﾃﾝｴｲﾑﾗ"
"07","073628","福島県","下郷町","ﾌｸｼﾏｹﾝ","ｼﾓｺﾞｳﾏﾁ"
"07","073644","福島県","檜枝岐村","ﾌｸｼﾏｹﾝ","ﾋﾉｴﾏﾀﾑﾗ"
"07","073679","福島県","只見町","ﾌｸｼﾏｹﾝ","ﾀﾀﾞﾐﾏﾁ"
"07","073687","福島県","南会津町","ﾌｸｼﾏｹﾝ","ﾐﾅﾐｱｲﾂﾞﾏﾁ"
"07","074021","福島県","北塩原村","ﾌｸｼﾏｹﾝ","ｷﾀｼｵﾊﾞﾗﾑﾗ"
"07","074055","福島県","西会津町","ﾌｸｼﾏｹﾝ","ﾆｼｱｲﾂﾞﾏﾁ"
"07","074071","福島県","磐梯町","ﾌｸｼﾏｹﾝ","ﾊﾞﾝﾀﾞｲﾏﾁ"
"07","074080","福島県","猪苗代町","ﾌｸｼﾏｹﾝ","ｲﾅﾜｼﾛﾏﾁ"
"07","074217","福島県","会津坂下町","ﾌｸｼﾏｹﾝ","ｱｲﾂﾞﾊﾞﾝｹﾞﾏﾁ"
"07","074225","福島県","湯川村","ﾌｸｼﾏｹﾝ","ﾕｶﾞﾜﾑﾗ"
"07","074233","福島県","柳津町","ﾌｸｼﾏｹﾝ","ﾔﾅｲﾂﾞﾏﾁ"
"07","074446","福島県","三島町","ﾌｸｼﾏｹﾝ","ﾐｼﾏﾏﾁ"
"07","074454","福島県","金山町","ﾌｸｼﾏｹﾝ","ｶﾈﾔﾏﾏﾁ"
"07","074462","福島県","昭和村","ﾌｸｼﾏｹﾝ","ｼｮｳﾜﾑﾗ"
"07","074471","福島県","会津美里町","ﾌｸｼﾏｹﾝ","ｱｲﾂﾞﾐｻﾄﾏﾁ"
"07","074616","福島県","西郷村","ﾌｸｼﾏｹﾝ","ﾆｼｺﾞｳﾑﾗ"
"07","074641","福島県","泉崎村","ﾌｸｼﾏｹﾝ","ｲｽﾞﾐｻﾞｷﾑﾗ"
"07","074659","福島県","中島村","ﾌｸｼﾏｹﾝ","ﾅｶｼﾞﾏﾑﾗ"
"07","074667","福島県","矢吹町","ﾌｸｼﾏｹﾝ","ﾔﾌﾞｷﾏﾁ"
"07","074811","福島県","棚倉町","ﾌｸｼﾏｹﾝ","ﾀﾅｸﾞﾗﾏﾁ"
"07","074829","福島県","矢祭町","ﾌｸｼﾏｹﾝ","ﾔﾏﾂﾘﾏﾁ"
"07","074837","福島県","塙町","ﾌｸｼﾏｹﾝ","ﾊﾅﾜﾏﾁ"
"07","074845","福島県","鮫川村","ﾌｸｼﾏｹﾝ","ｻﾒｶﾞﾜﾑﾗ"
"07","075019","福島県","石川町","ﾌｸｼﾏｹﾝ","ｲｼｶﾜﾏﾁ"
"07","075027","福島県","玉川村","ﾌｸｼﾏｹﾝ","ﾀﾏｶﾜﾑﾗ"
"07","075035","福島県","平田村","ﾌｸｼﾏｹﾝ","ﾋﾗﾀﾑﾗ"
"07","075043","福島県","浅川町","ﾌｸｼﾏｹﾝ","ｱｻｶﾜﾏﾁ"
"07","075051","福島県","古殿町","ﾌｸｼﾏｹﾝ","ﾌﾙﾄﾞﾉﾏﾁ"
"07","075213","福島県","三春町","ﾌｸｼﾏｹﾝ","ﾐﾊﾙﾏﾁ"
"07","075221","福島県","小野町","ﾌｸｼﾏｹﾝ","ｵﾉﾏﾁ"
"07","075418","福島県","広野町","ﾌｸｼﾏｹﾝ","ﾋﾛﾉﾏﾁ"
"07","075426","福島県","楢葉町","ﾌｸｼﾏｹﾝ","ﾅﾗﾊﾏﾁ"
"07","075434","福島県","富岡町","ﾌｸｼﾏｹﾝ","ﾄﾐｵｶﾏﾁ"
"07","075442","福島県","川内村","ﾌｸｼﾏｹﾝ","ｶﾜｳﾁﾑﾗ"
"07","075451","福島県","大熊町","ﾌｸｼﾏｹﾝ","ｵｵｸﾏﾏﾁ"
"07","075469","福島県","双葉町","ﾌｸｼﾏｹﾝ","ﾌﾀﾊﾞﾏﾁ"
"07","075477","福島県","浪江町","ﾌｸｼﾏｹﾝ","ﾅﾐｴﾏﾁ"
"07","075485","福島県","葛尾村","ﾌｸｼﾏｹﾝ","ｶﾂﾗｵﾑﾗ"
"07","075612","福島県","新地町","ﾌｸｼﾏｹﾝ","ｼﾝﾁﾏﾁ"
"07","075647","福島県","飯舘村","ﾌｸｼﾏｹﾝ","ｲｲﾀﾃﾑﾗ"
"08","080004","茨城県","","ｲﾊﾞﾗｷｹﾝ",""
"08","082015","茨城県","水戸市","ｲﾊﾞﾗｷｹﾝ","ﾐﾄｼ"
"08","082023","茨城県","日立市","ｲﾊﾞﾗｷｹﾝ","ﾋﾀﾁｼ"
"08","082031","茨城県","土浦市","ｲﾊﾞﾗｷｹﾝ","ﾂﾁｳﾗｼ"
"08","082040","茨城県","古河市","ｲﾊﾞﾗｷｹﾝ","ｺｶﾞｼ"
"08","082058","茨城県","石岡市","ｲﾊﾞﾗｷｹﾝ","ｲｼｵｶｼ"
"08","082074","茨城県","結城市","ｲﾊﾞﾗｷｹﾝ","ﾕｳｷｼ"
"08","082082","茨城県","龍ケ崎市","ｲﾊﾞﾗｷｹﾝ","ﾘｭｳｶﾞｻｷｼ"
"08","082104","茨城県","下妻市","ｲﾊﾞﾗｷｹﾝ","ｼﾓﾂﾏｼ"
"08","082112","茨城県","常総市","ｲﾊﾞﾗｷｹﾝ","ｼﾞｮｳｿｳｼ"
"08","082121","茨城県","常陸太田市","ｲﾊﾞﾗｷｹﾝ","ﾋﾀﾁｵｵﾀｼ"
"08","082147","茨城県","高萩市","ｲﾊﾞﾗｷｹﾝ","ﾀｶﾊｷﾞｼ"
"08","082155","茨城県","北茨城市","ｲﾊﾞﾗｷｹﾝ","ｷﾀｲﾊﾞﾗｷｼ"
"08","082163","茨城県","笠間市","ｲﾊﾞﾗｷｹﾝ","ｶｻﾏｼ"
"08","082171","茨城県","取手市","ｲﾊﾞﾗｷｹﾝ","ﾄﾘﾃﾞｼ"
"08","082198","茨城県","牛久市","ｲﾊﾞﾗｷｹﾝ","ｳｼｸｼ"
"08","082201","茨城県","つくば市","ｲﾊﾞﾗｷｹﾝ","ﾂｸﾊﾞｼ"
"08","082210","茨城県","ひたちなか市","ｲﾊﾞﾗｷｹﾝ","ﾋﾀﾁﾅｶｼ"
"08","082228","茨城県","鹿嶋市","ｲﾊﾞﾗｷｹﾝ","ｶｼﾏｼ"
"08","082236","茨城県","潮来市","ｲﾊﾞﾗｷｹﾝ","ｲﾀｺｼ"
"08","082244","茨城県","守谷市","ｲﾊﾞﾗｷｹﾝ","ﾓﾘﾔｼ"
"08","082252","茨城県","常陸大宮市","ｲﾊﾞﾗｷｹﾝ","ﾋﾀﾁｵｵﾐﾔｼ"
"08","082261","茨城県","那珂市","ｲﾊﾞﾗｷｹﾝ","ﾅｶｼ"
"08","082279","茨城県","筑西市","ｲﾊﾞﾗｷｹﾝ","ﾁｸｾｲｼ"
"08","082287","茨城県","坂東市","ｲﾊﾞﾗｷｹﾝ","ﾊﾞﾝﾄﾞｳｼ"
"08","082295","茨城県","稲敷市","ｲﾊﾞﾗｷｹﾝ","ｲﾅｼｷｼ"
"08","082309","茨城県","かすみがうら市","ｲﾊﾞﾗｷｹﾝ","ｶｽﾐｶﾞｳﾗｼ"
"08","082317","茨城県","桜川市","ｲﾊﾞﾗｷｹﾝ","ｻｸﾗｶﾞﾜｼ"
"08","082325","茨城県","神栖市","ｲﾊﾞﾗｷｹﾝ","ｶﾐｽｼ"
"08","082333","茨城県","行方市","ｲﾊﾞﾗｷｹﾝ","ﾅﾒｶﾞﾀｼ"
"08","082341","茨城県","鉾田市","ｲﾊﾞﾗｷｹﾝ","ﾎｺﾀｼ"
"08","082350","茨城県","つくばみらい市","ｲﾊﾞﾗｷｹﾝ","ﾂｸﾊﾞﾐﾗｲｼ"
"08","082368","茨城県","小美玉市","ｲﾊﾞﾗｷｹﾝ","ｵﾐﾀﾏｼ"
"08","083020","茨城県","茨城町","ｲﾊﾞﾗｷｹﾝ","ｲﾊﾞﾗｷﾏﾁ"
"08","083097","茨城県","大洗町","ｲﾊﾞﾗｷｹﾝ","ｵｵｱﾗｲﾏﾁ"
"08","083101","茨城県","城里町","ｲﾊﾞﾗｷｹﾝ","ｼﾛｻﾄﾏﾁ"
"08","083411","茨城県","東海村","ｲﾊﾞﾗｷｹﾝ","ﾄｳｶｲﾑﾗ"
"08","083640","茨城県","大子町","ｲﾊﾞﾗｷｹﾝ","ﾀﾞｲｺﾞﾏﾁ"
"08","084425","茨城県","美浦村","ｲﾊﾞﾗｷｹﾝ","ﾐﾎﾑﾗ"
"08","084433","茨城県","阿見町","ｲﾊﾞﾗｷｹﾝ","ｱﾐﾏﾁ"
"08","084476","茨城県","河内町","ｲﾊﾞﾗｷｹﾝ","ｶﾜﾁﾏﾁ"
"08","085219","茨城県","八千代町","ｲﾊﾞﾗｷｹﾝ","ﾔﾁﾖﾏﾁ"
"08","085421","茨城県","五霞町","ｲﾊﾞﾗｷｹﾝ","ｺﾞｶﾏﾁ"
"08","085464","茨城県","境町","ｲﾊﾞﾗｷｹﾝ","ｻｶｲﾏﾁ"
"08","085642","茨城県","利根町","ｲﾊﾞﾗｷｹﾝ","ﾄﾈﾏﾁ"
"09","090000","栃木県","","ﾄﾁｷﾞｹﾝ",""
"09","092011","栃木県","宇都宮市","ﾄﾁｷﾞｹﾝ","ｳﾂﾉﾐﾔｼ"
"09","092029","栃木県","足利市","ﾄﾁｷﾞｹﾝ","ｱｼｶｶﾞｼ"
"09","092037","栃木県","栃木市","ﾄﾁｷﾞｹﾝ","ﾄﾁｷﾞｼ"
"09","092045","栃木県","佐野市","ﾄﾁｷﾞｹﾝ","ｻﾉｼ"
"09","092053","栃木県","鹿沼市","ﾄﾁｷﾞｹﾝ","ｶﾇﾏｼ"
"09","092061","栃木県","日光市","ﾄﾁｷﾞｹﾝ","ﾆｯｺｳｼ"
"09","092088","栃木県","小山市","ﾄﾁｷﾞｹﾝ","ｵﾔﾏｼ"
"09","092096","栃木県","真岡市","ﾄﾁｷﾞｹﾝ","ﾓｵｶｼ"
"09","092100","栃木県","大田原市","ﾄﾁｷﾞｹﾝ","ｵｵﾀﾜﾗｼ"
"09","092118","栃木県","矢板市","ﾄﾁｷﾞｹﾝ","ﾔｲﾀｼ"
"09","092134","栃木県","那須塩原市","ﾄﾁｷﾞｹﾝ","ﾅｽｼｵﾊﾞﾗｼ"
"09","092142","栃木県","さくら市","ﾄﾁｷﾞｹﾝ","ｻｸﾗｼ"
"09","092151","栃木県","那須烏山市","ﾄﾁｷﾞｹﾝ","ﾅｽｶﾗｽﾔﾏｼ"
"09","092169","栃木県","下野市","ﾄﾁｷﾞｹﾝ","ｼﾓﾂｹｼ"
"09","093017","栃木県","上三川町","ﾄﾁｷﾞｹﾝ","ｶﾐﾉｶﾜﾏﾁ"
"09","093424","栃木県","益子町","ﾄﾁｷﾞｹﾝ","ﾏｼｺﾏﾁ"
"09","093432","栃木県","茂木町","ﾄﾁｷﾞｹﾝ","ﾓﾃｷﾞﾏﾁ"
"09","093441","栃木県","市貝町","ﾄﾁｷﾞｹﾝ","ｲﾁｶｲﾏﾁ"
"09","093459","栃木県","芳賀町","ﾄﾁｷﾞｹﾝ","ﾊｶﾞﾏﾁ"
"09","093611","栃木県","壬生町","ﾄﾁｷﾞｹﾝ","ﾐﾌﾞﾏﾁ"
"09","093645","栃木県","野木町","ﾄﾁｷﾞｹﾝ","ﾉｷﾞﾏﾁ"
"09","093840","栃木県","塩谷町","ﾄﾁｷﾞｹﾝ","ｼｵﾔﾏﾁ"
"09","093866","栃木県","高根沢町","ﾄﾁｷﾞｹﾝ","ﾀｶﾈｻﾞﾜﾏﾁ"
"09","094072","栃木県","那須町","ﾄﾁｷﾞｹﾝ","ﾅｽﾏﾁ"
"09","094111","栃木県","那珂川町","ﾄﾁｷﾞｹﾝ","ﾅｶｶﾞﾜﾏﾁ"
"10","100005","群馬県","","ｸﾞﾝﾏｹﾝ",""
"10","102016","群馬県","前橋市","ｸﾞﾝﾏｹﾝ","ﾏｴﾊﾞｼｼ"
"10","102024","群馬県","高崎市","ｸﾞﾝﾏｹﾝ","ﾀｶｻｷｼ"
"10","102032","群馬県","桐生市","ｸﾞﾝﾏｹﾝ","ｷﾘｭｳｼ"
"10","102041","群馬県","伊勢崎市","ｸﾞﾝﾏｹﾝ","ｲｾｻｷｼ"
"10","102059","群馬県","太田市","ｸﾞﾝﾏｹﾝ","ｵｵﾀｼ"
"10","102067","群馬県","沼田市","ｸﾞﾝﾏｹﾝ","ﾇﾏﾀｼ"
"10","102075","群馬県","館林市","ｸﾞﾝﾏｹﾝ","ﾀﾃﾊﾞﾔｼｼ"
"10","102083","群馬県","渋川市","ｸﾞﾝﾏｹﾝ","ｼﾌﾞｶﾜｼ"
"10","102091","群馬県","藤岡市","ｸﾞﾝﾏｹﾝ","ﾌｼﾞｵｶｼ"
"10","102105","群馬県","富岡市","ｸﾞﾝﾏｹﾝ","ﾄﾐｵｶｼ"
"10","102113","群馬県","安中市","ｸﾞﾝﾏｹﾝ","ｱﾝﾅｶｼ"
"10","102121","群馬県","みどり市","ｸﾞﾝﾏｹﾝ","ﾐﾄﾞﾘｼ"
"10","103446","群馬県","榛東村","ｸﾞﾝﾏｹﾝ","ｼﾝﾄｳﾑﾗ"
"10","103454","群馬県","吉岡町","ｸﾞﾝﾏｹﾝ","ﾖｼｵｶﾏﾁ"
"10","103667","群馬県","上野村","ｸﾞﾝﾏｹﾝ","ｳｴﾉﾑﾗ"
"10","103675","群馬県","神流町","ｸﾞﾝﾏｹﾝ","ｶﾝﾅﾏﾁ"
"10","103829","群馬県","下仁田町","ｸﾞﾝﾏｹﾝ","ｼﾓﾆﾀﾏﾁ"
"10","103837","群馬県","南牧村","ｸﾞﾝﾏｹﾝ","ﾅﾝﾓｸﾑﾗ"
"10","103845","群馬県","甘楽町","ｸﾞﾝﾏｹﾝ","ｶﾝﾗﾏﾁ"
"10","104213","群馬県","中之条町","ｸﾞﾝﾏｹﾝ","ﾅｶﾉｼﾞﾖｳﾏﾁ"
"10","104248","群馬県","長野原町","ｸﾞﾝﾏｹﾝ","ﾅｶﾞﾉﾊﾗﾏﾁ"
"10","104256","群馬県","嬬恋村","ｸﾞﾝﾏｹﾝ","ﾂﾏｺﾞｲﾑﾗ"
"10","104264","群馬県","草津町","ｸﾞﾝﾏｹﾝ","ｸｻﾂﾏﾁ"
"10","104281","群馬県","高山村","ｸﾞﾝﾏｹﾝ","ﾀｶﾔﾏﾑﾗ"
"10","104299","群馬県","東吾妻町","ｸﾞﾝﾏｹﾝ","ﾋｶﾞｼｱｶﾞﾂﾏﾏﾁ"
"10","104434","群馬県","片品村","ｸﾞﾝﾏｹﾝ","ｶﾀｼﾅﾑﾗ"
"10","104442","群馬県","川場村","ｸﾞﾝﾏｹﾝ","ｶﾜﾊﾞﾑﾗ"
"10","104485","群馬県","昭和村","ｸﾞﾝﾏｹﾝ","ｼｮｳﾜﾑﾗ"
"10","104493","群馬県","みなかみ町","ｸﾞﾝﾏｹﾝ","ﾐﾅｶﾐﾏﾁ"
"10","104647","群馬県","玉村町","ｸﾞﾝﾏｹﾝ","ﾀﾏﾑﾗﾏﾁ"
"10","105210","群馬県","板倉町","ｸﾞﾝﾏｹﾝ","ｲﾀｸﾗﾏﾁ"
"10","105228","群馬県","明和町","ｸﾞﾝﾏｹﾝ","ﾒｲﾜﾏﾁ"
"10","105236","群馬県","千代田町","ｸﾞﾝﾏｹﾝ","ﾁﾖﾀﾞﾏﾁ"
"10","105244","群馬県","大泉町","ｸﾞﾝﾏｹﾝ","ｵｵｲｽﾞﾐﾏﾁ"
"10","105252","群馬県","邑楽町","ｸﾞﾝﾏｹﾝ","ｵｳﾗﾏﾁ"
"11","110001","埼玉県","","ｻｲﾀﾏｹﾝ",""
"11","111007","埼玉県","さいたま市","ｻｲﾀﾏｹﾝ","ｻｲﾀﾏｼ"
"11","111015","埼玉県","さいたま市西区","ｻｲﾀﾏｹﾝ","ｻｲﾀﾏｼﾆｼｸ"
"11","111023","埼玉県","さいたま市北区","ｻｲﾀﾏｹﾝ","ｻｲﾀﾏｼｷﾀｸ"
"11","111031","埼玉県","さいたま市大宮区","ｻｲﾀﾏｹﾝ","ｻｲﾀﾏｼｵｵﾐﾔｸ"
"11","111040","埼玉県","さいたま市見沼区","ｻｲﾀﾏｹﾝ","ｻｲﾀﾏｼﾐﾇﾏｸ"
"11","111058","埼玉県","さいたま市中央区","ｻｲﾀﾏｹﾝ","ｻｲﾀﾏｼﾁｭｳｵｳｸ"
"11","111066","埼玉県","さいたま市桜区","ｻｲﾀﾏｹﾝ","ｻｲﾀﾏｼｻｸﾗｸ"
"11","111074","埼玉県","さいたま市浦和区","ｻｲﾀﾏｹﾝ","ｻｲﾀﾏｼｳﾗﾜｸ"
"11","111082","埼玉県","さいたま市南区","ｻｲﾀﾏｹﾝ","ｻｲﾀﾏｼﾐﾅﾐｸ"
"11","111091","埼玉県","さいたま市緑区","ｻｲﾀﾏｹﾝ","ｻｲﾀﾏｼﾐﾄﾞﾘｸ"
"11","111104","埼玉県","さいたま市岩槻区","ｻｲﾀﾏｹﾝ","ｻｲﾀﾏｼｲﾜﾂｷｸ"
"11","112011","埼玉県","川越市","ｻｲﾀﾏｹﾝ","ｶﾜｺﾞｴｼ"
"11","112020","埼玉県","熊谷市","ｻｲﾀﾏｹﾝ","ｸﾏｶﾞﾔｼ"
"11","112038","埼玉県","川口市","ｻｲﾀﾏｹﾝ","ｶﾜｸﾞﾁｼ"
"11","112062","埼玉県","行田市","ｻｲﾀﾏｹﾝ","ｷﾞﾖｳﾀﾞｼ"
"11","112071","埼玉県","秩父市","ｻｲﾀﾏｹﾝ","ﾁﾁﾌﾞｼ"
"11","112089","埼玉県","所沢市","ｻｲﾀﾏｹﾝ","ﾄｺﾛｻﾞﾜｼ"
"11","112097","埼玉県","飯能市","ｻｲﾀﾏｹﾝ","ﾊﾝﾉｳｼ"
"11","112101","埼玉県","加須市","ｻｲﾀﾏｹﾝ","ｶｿﾞｼ"
"11","112119","埼玉県","本庄市","ｻｲﾀﾏｹﾝ","ﾎﾝｼﾞﾖｳｼ"
"11","112127","埼玉県","東松山市","ｻｲﾀﾏｹﾝ","ﾋｶﾞｼﾏﾂﾔﾏｼ"
"11","112143","埼玉県","春日部市","ｻｲﾀﾏｹﾝ","ｶｽｶﾍﾞｼ"
"11","112151","埼玉県","狭山市","ｻｲﾀﾏｹﾝ","ｻﾔﾏｼ"
"11","112160","埼玉県","羽生市","ｻｲﾀﾏｹﾝ","ﾊﾆﾕｳｼ"
"11","112178","埼玉県","鴻巣市","ｻｲﾀﾏｹﾝ","ｺｳﾉｽｼ"
"11","112186","埼玉県","深谷市","ｻｲﾀﾏｹﾝ","ﾌｶﾔｼ"
"11","112194","埼玉県","上尾市","ｻｲﾀﾏｹﾝ","ｱｹﾞｵｼ"
"11","112216","埼玉県","草加市","ｻｲﾀﾏｹﾝ","ｿｳｶｼ"
"11","112224","埼玉県","越谷市","ｻｲﾀﾏｹﾝ","ｺｼｶﾞﾔｼ"
"11","112232","埼玉県","蕨市","ｻｲﾀﾏｹﾝ","ﾜﾗﾋﾞｼ"
"11","112241","埼玉県","戸田市","ｻｲﾀﾏｹﾝ","ﾄﾀﾞｼ"
"11","112259","埼玉県","入間市","ｻｲﾀﾏｹﾝ","ｲﾙﾏｼ"
"11","112275","埼玉県","朝霞市","ｻｲﾀﾏｹﾝ","ｱｻｶｼ"
"11","112283","埼玉県","志木市","ｻｲﾀﾏｹﾝ","ｼｷｼ"
"11","112291","埼玉県","和光市","ｻｲﾀﾏｹﾝ","ﾜｺｳｼ"
"11","112305","埼玉県","新座市","ｻｲﾀﾏｹﾝ","ﾆｲｻﾞｼ"
"11","112313","埼玉県","桶川市","ｻｲﾀﾏｹﾝ","ｵｹｶﾞﾜｼ"
"11","112321","埼玉県","久喜市","ｻｲﾀﾏｹﾝ","ｸｷｼ"
"11","112330","埼玉県","北本市","ｻｲﾀﾏｹﾝ","ｷﾀﾓﾄｼ"
"11","112348","埼玉県","八潮市","ｻｲﾀﾏｹﾝ","ﾔｼｵｼ"
"11","112356","埼玉県","富士見市","ｻｲﾀﾏｹﾝ","ﾌｼﾞﾐｼ"
"11","112372","埼玉県","三郷市","ｻｲﾀﾏｹﾝ","ﾐｻﾄｼ"
"11","112381","埼玉県","蓮田市","ｻｲﾀﾏｹﾝ","ﾊｽﾀﾞｼ"
"11","112399","埼玉県","坂戸市","ｻｲﾀﾏｹﾝ","ｻｶﾄﾞｼ"
"11","112402","埼玉県","幸手市","ｻｲﾀﾏｹﾝ","ｻｯﾃｼ"
"11","112411","埼玉県","鶴ヶ島市","ｻｲﾀﾏｹﾝ","ﾂﾙｶﾞｼﾏｼ"
"11","112429","埼玉県","日高市","ｻｲﾀﾏｹﾝ","ﾋﾀﾞｶｼ"
"11","112437","埼玉県","吉川市","ｻｲﾀﾏｹﾝ","ﾖｼｶﾜｼ"
"11","112453","埼玉県","ふじみ野市","ｻｲﾀﾏｹﾝ","ﾌｼﾞﾐﾉｼ"
"11","112461","埼玉県","白岡市","ｻｲﾀﾏｹﾝ","ｼﾗｵｶｼ"
"11","113018","埼玉県","伊奈町","ｻｲﾀﾏｹﾝ","ｲﾅﾏﾁ"
"11","113247","埼玉県","三芳町","ｻｲﾀﾏｹﾝ","ﾐﾖｼﾏﾁ"
"11","113263","埼玉県","毛呂山町","ｻｲﾀﾏｹﾝ","ﾓﾛﾔﾏﾏﾁ"
"11","113271","埼玉県","越生町","ｻｲﾀﾏｹﾝ","ｵｺﾞｾﾏﾁ"
"11","113417","埼玉県","滑川町","ｻｲﾀﾏｹﾝ","ﾅﾒｶﾞﾜﾏﾁ"
"11","113425","埼玉県","嵐山町","ｻｲﾀﾏｹﾝ","ﾗﾝｻﾞﾝﾏﾁ"
"11","113433","埼玉県","小川町","ｻｲﾀﾏｹﾝ","ｵｶﾞﾜﾏﾁ"
"11","113468","埼玉県","川島町","ｻｲﾀﾏｹﾝ","ｶﾜｼﾞﾏﾏﾁ"
"11","113476","埼玉県","吉見町","ｻｲﾀﾏｹﾝ","ﾖｼﾐﾏﾁ"
"11","113484","埼玉県","鳩山町","ｻｲﾀﾏｹﾝ","ﾊﾄﾔﾏﾏﾁ"
"11","113492","埼玉県","ときがわ町","ｻｲﾀﾏｹﾝ","ﾄｷｶﾞﾜﾏﾁ"
"11","113611","埼玉県","横瀬町","ｻｲﾀﾏｹﾝ","ﾖｺｾﾞﾏﾁ"
"11","113620","埼玉県","皆野町","ｻｲﾀﾏｹﾝ","ﾐﾅﾉﾏﾁ"
"11","113638","埼玉県","長瀞町","ｻｲﾀﾏｹﾝ","ﾅｶﾞﾄﾛﾏﾁ"
"11","113654","埼玉県","小鹿野町","ｻｲﾀﾏｹﾝ","ｵｶﾞﾉﾏﾁ"
"11","113697","埼玉県","東秩父村","ｻｲﾀﾏｹﾝ","ﾋｶﾞｼﾁﾁﾌﾞﾑﾗ"
"11","113816","埼玉県","美里町","ｻｲﾀﾏｹﾝ","ﾐｻﾄﾏﾁ"
"11","113832","埼玉県","神川町","ｻｲﾀﾏｹﾝ","ｶﾐｶﾜﾏﾁ"
"11","113859","埼玉県","上里町","ｻｲﾀﾏｹﾝ","ｶﾐｻﾄﾏﾁ"
"11","114081","埼玉県","寄居町","ｻｲﾀﾏｹﾝ","ﾖﾘｲﾏﾁ"
"11","114421","埼玉県","宮代町","ｻｲﾀﾏｹﾝ","ﾐﾔｼﾛﾏﾁ"
"11","114642","埼玉県","杉戸町","ｻｲﾀﾏｹﾝ","ｽｷﾞﾄﾏﾁ"
"11","114651","埼玉県","松伏町","ｻｲﾀﾏｹﾝ","ﾏﾂﾌﾞｼﾏﾁ"
"12","120006","千葉県","","ﾁﾊﾞｹﾝ",""
"12","121002","千葉県","千葉市","ﾁﾊﾞｹﾝ","ﾁﾊﾞｼ"
"12","121011","千葉県","千葉市中央区","ﾁﾊﾞｹﾝ","ﾁﾊﾞｼﾁｭｳｵｳｸ"
"12","121029","千葉県","千葉市花見川区","ﾁﾊﾞｹﾝ","ﾁﾊﾞｼﾊﾅﾐｶﾞﾜｸ"
"12","121037","千葉県","千葉市稲毛区","ﾁﾊﾞｹﾝ","ﾁﾊﾞｼｲﾅｹﾞｸ"
"12","121045","千葉県","千葉市若葉区","ﾁﾊﾞｹﾝ","ﾁﾊﾞｼﾜｶﾊﾞｸ"
"12","121053","千葉県","千葉市緑区","ﾁﾊﾞｹﾝ","ﾁﾊﾞｼﾐﾄﾞﾘｸ"
"12","121061","千葉県","千葉市美浜区","ﾁﾊﾞｹﾝ","ﾁﾊﾞｼﾐﾊﾏｸ"
"12","122025","千葉県","銚子市","ﾁﾊﾞｹﾝ","ﾁｮｳｼｼ"
"12","122033","千葉県","市川市","ﾁﾊﾞｹﾝ","ｲﾁｶﾜｼ"
"12","122041","千葉県","船橋市","ﾁﾊﾞｹﾝ","ﾌﾅﾊﾞｼｼ"
"12","122050","千葉県","館山市","ﾁﾊﾞｹﾝ","ﾀﾃﾔﾏｼ"
"12","122068","千葉県","木更津市","ﾁﾊﾞｹﾝ","ｷｻﾗﾂﾞｼ"
"12","122076","千葉県","松戸市","ﾁﾊﾞｹﾝ","ﾏﾂﾄﾞｼ"
"12","122084","千葉県","野田市","ﾁﾊﾞｹﾝ","ﾉﾀﾞｼ"
"12","122106","千葉県","茂原市","ﾁﾊﾞｹﾝ","ﾓﾊﾞﾗｼ"
"12","122114","千葉県","成田市","ﾁﾊﾞｹﾝ","ﾅﾘﾀｼ"
"12","122122","千葉県","佐倉市","ﾁﾊﾞｹﾝ","ｻｸﾗｼ"
"12","122131","千葉県","東金市","ﾁﾊﾞｹﾝ","ﾄｳｶﾞﾈｼ"
"12","122157","千葉県","旭市","ﾁﾊﾞｹﾝ","ｱｻﾋｼ"
"12","122165","千葉県","習志野市","ﾁﾊﾞｹﾝ","ﾅﾗｼﾉｼ"
"12","122173","千葉県","柏市","ﾁﾊﾞｹﾝ","ｶｼﾜｼ"
"12","122181","千葉県","勝浦市","ﾁﾊﾞｹﾝ","ｶﾂｳﾗｼ"
"12","122190","千葉県","市原市","ﾁﾊﾞｹﾝ","ｲﾁﾊﾗｼ"
"12","122203","千葉県","流山市","ﾁﾊﾞｹﾝ","ﾅｶﾞﾚﾔﾏｼ"
"12","122211","千葉県","八千代市","ﾁﾊﾞｹﾝ","ﾔﾁﾖｼ"
"12","122220","千葉県","我孫子市","ﾁﾊﾞｹﾝ","ｱﾋﾞｺｼ"
"12","122238","千葉県","鴨川市","ﾁﾊﾞｹﾝ","ｶﾓｶﾞﾜｼ"
"12","122246","千葉県","鎌ケ谷市","ﾁﾊﾞｹﾝ","ｶﾏｶﾞﾔｼ"
"12","122254","千葉県","君津市","ﾁﾊﾞｹﾝ","ｷﾐﾂｼ"
"12","122262","千葉県","富津市","ﾁﾊﾞｹﾝ","ﾌｯﾂｼ"
"12","122271","千葉県","浦安市","ﾁﾊﾞｹﾝ","ｳﾗﾔｽｼ"
"12","122289","千葉県","四街道市","ﾁﾊﾞｹﾝ","ﾖﾂｶｲﾄﾞｳｼ"
"12","122297","千葉県","袖ケ浦市","ﾁﾊﾞｹﾝ","ｿﾃﾞｶﾞｳﾗｼ"
"12","122301","千葉県","八街市","ﾁﾊﾞｹﾝ","ﾔﾁﾏﾀｼ"
"12","122319","千葉県","印西市","ﾁﾊﾞｹﾝ","ｲﾝｻﾞｲｼ"
"12","122327","千葉県","白井市","ﾁﾊﾞｹﾝ","ｼﾛｲｼ"
"12","122335","千葉県","富里市","ﾁﾊﾞｹﾝ","ﾄﾐｻﾄｼ"
"12","122343","千葉県","南房総市","ﾁﾊﾞｹﾝ","ﾐﾅﾐﾎﾞｳｿｳｼ"
"12","122351","千葉県","匝瑳市","ﾁﾊﾞｹﾝ","ｿｳｻｼ"
"12","122360","千葉県","香取市","ﾁﾊﾞｹﾝ","ｶﾄﾘｼ"
"12","122378","千葉県","山武市","ﾁﾊﾞｹﾝ","ｻﾝﾑｼ"
"12","122386","千葉県","いすみ市","ﾁﾊﾞｹﾝ","ｲｽﾐｼ"
"12","122394","千葉県","大網白里市","ﾁﾊﾞｹﾝ","ｵｵｱﾐｼﾗｻﾄｼ"
"12","123226","千葉県","酒々井町","ﾁﾊﾞｹﾝ","ｼｽｲﾏﾁ"
"12","123293","千葉県","栄町","ﾁﾊﾞｹﾝ","ｻｶｴﾏﾁ"
"12","123421","千葉県","神崎町","ﾁﾊﾞｹﾝ","ｺｳｻﾞｷﾏﾁ"
"12","123471","千葉県","多古町","ﾁﾊﾞｹﾝ","ﾀｺﾏﾁ"
"12","123498","千葉県","東庄町","ﾁﾊﾞｹﾝ","ﾄｳﾉｼｮｳﾏﾁ"
"12","124036","千葉県","九十九里町","ﾁﾊﾞｹﾝ","ｸｼﾞﾕｳｸﾘﾏﾁ"
"12","124095","千葉県","芝山町","ﾁﾊﾞｹﾝ","ｼﾊﾞﾔﾏﾏﾁ"
"12","124109","千葉県","横芝光町","ﾁﾊﾞｹﾝ","ﾖｺｼﾊﾞﾋｶﾘﾏﾁ"
"12","124214","千葉県","一宮町","ﾁﾊﾞｹﾝ","ｲﾁﾉﾐﾔﾏﾁ"
"12","124222","千葉県","睦沢町","ﾁﾊﾞｹﾝ","ﾑﾂｻﾞﾜﾏﾁ"
"12","124231","千葉県","長生村","ﾁﾊﾞｹﾝ","ﾁｮｳｾｲﾑﾗ"
"12","124249","千葉県","白子町","ﾁﾊﾞｹﾝ","ｼﾗｺﾏﾁ"
"12","124265","千葉県","長柄町","ﾁﾊﾞｹﾝ","ﾅｶﾞﾗﾏﾁ"
"12","124273","千葉県","長南町","ﾁﾊﾞｹﾝ","ﾁｮｳﾅﾝﾏﾁ"
"12","124419","千葉県","大多喜町","ﾁﾊﾞｹﾝ","ｵｵﾀｷﾏﾁ"
"12","124435","千葉県","御宿町","ﾁﾊﾞｹﾝ","ｵﾝｼﾞﾕｸﾏﾁ"
"12","124630","千葉県","鋸南町","ﾁﾊﾞｹﾝ","ｷﾖﾅﾝﾏﾁ"
"13","130001","東京都","","ﾄｳｷｮｳﾄ",""
"13","131016","東京都","千代田区","ﾄｳｷｮｳﾄ","ﾁﾖﾀﾞｸ"
"13","131024","東京都","中央区","ﾄｳｷｮｳﾄ","ﾁｭｳｵｳｸ"
"13","131032","東京都","港区","ﾄｳｷｮｳﾄ","ﾐﾅﾄｸ"
"13","131041","東京都","新宿区","ﾄｳｷｮｳﾄ","ｼﾝｼﾞｭｸｸ"
"13","131059","東京都","文京区","ﾄｳｷｮｳﾄ","ﾌﾞﾝｷｮｳｸ"
"13","131067","東京都","台東区","ﾄｳｷｮｳﾄ","ﾀｲﾄｳｸ"
"13","131075","東京都","墨田区","ﾄｳｷｮｳﾄ","ｽﾐﾀﾞｸ"
"13","131083","東京都","江東区","ﾄｳｷｮｳﾄ","ｺｳﾄｳｸ"
"13","131091","東京都","品川区","ﾄｳｷｮｳﾄ","ｼﾅｶﾞﾜｸ"
"13","131105","東京都","目黒区","ﾄｳｷｮｳﾄ","ﾒｸﾞﾛｸ"
"13","131113","東京都","大田区","ﾄｳｷｮｳﾄ","ｵｵﾀｸ"
"13","131121","東京都","世田谷区","ﾄｳｷｮｳﾄ","ｾﾀｶﾞﾔｸ"
"13","131130","東京都","渋谷区","ﾄｳｷｮｳﾄ","ｼﾌﾞﾔｸ"
"13","131148","東京都","中野区","ﾄｳｷｮｳﾄ","ﾅｶﾉｸ"
"13","131156","東京都","杉並区","ﾄｳｷｮｳﾄ","ｽｷﾞﾅﾐｸ"
"13","131164","東京都","豊島区","ﾄｳｷｮｳﾄ","ﾄｼﾏｸ"
"13","131172","東京都","北区","ﾄｳｷｮｳﾄ","ｷﾀｸ"
"13","131181","東京都","荒川区","ﾄｳｷｮｳﾄ","ｱﾗｶﾜｸ"
"13","131199","東京都","板橋区","ﾄｳｷｮｳﾄ","ｲﾀﾊﾞｼｸ"
"13","131202","東京都","練馬区","ﾄｳｷｮｳﾄ","ﾈﾘﾏｸ"
"13","131211","東京都","足立区","ﾄｳｷｮｳﾄ","ｱﾀﾞﾁｸ"
"13","131229","東京都","葛飾区","ﾄｳｷｮｳﾄ","ｶﾂｼｶｸ"
"13","131237","東京都","江戸川区","ﾄｳｷｮｳﾄ","ｴﾄﾞｶﾞﾜｸ"
"13","132012","東京都","八王子市","ﾄｳｷｮｳﾄ","ﾊﾁｵｳｼﾞｼ"
"13","132021","東京都","立川市","ﾄｳｷｮｳﾄ","ﾀﾁｶﾜｼ"
"13","132039","東京都","武蔵野市","ﾄｳｷｮｳﾄ","ﾑｻｼﾉｼ"
"13","132047","東京都","三鷹市","ﾄｳｷｮｳﾄ","ﾐﾀｶｼ"
"13","132055","東京都","青梅市","ﾄｳｷｮｳﾄ","ｵｳﾒｼ"
"13","132063","東京都","府中市","ﾄｳｷｮｳﾄ","ﾌﾁｭｳｼ"
"13","132071","東京都","昭島市","ﾄｳｷｮｳﾄ","ｱｷｼﾏｼ"
"13","132080","東京都","調布市","ﾄｳｷｮｳﾄ","ﾁｮｳﾌｼ"
"13","132098","東京都","町田市","ﾄｳｷｮｳﾄ","ﾏﾁﾀﾞｼ"
"13","132101","東京都","小金井市","ﾄｳｷｮｳﾄ","ｺｶﾞﾈｲｼ"
"13","132110","東京都","小平市","ﾄｳｷｮｳﾄ","ｺﾀﾞｲﾗｼ"
"13","132128","東京都","日野市","ﾄｳｷｮｳﾄ","ﾋﾉｼ"
"13","132136","東京都","東村山市","ﾄｳｷｮｳﾄ","ﾋｶﾞｼﾑﾗﾔﾏｼ"
"13","132144","東京都","国分寺市","ﾄｳｷｮｳﾄ","ｺｸﾌﾞﾝｼﾞｼ"
"13","132152","東京都","国立市","ﾄｳｷｮｳﾄ","ｸﾆﾀﾁｼ"
"13","132187","東京都","福生市","ﾄｳｷｮｳﾄ","ﾌｯｻｼ"
"13","132195","東京都","狛江市","ﾄｳｷｮｳﾄ","ｺﾏｴｼ"
"13","132209","東京都","東大和市","ﾄｳｷｮｳﾄ","ﾋｶﾞｼﾔﾏﾄｼ"
"13","132217","東京都","清瀬市","ﾄｳｷｮｳﾄ","ｷﾖｾｼ"
"13","132225","東京都","東久留米市","ﾄｳｷｮｳﾄ","ﾋｶﾞｼｸﾙﾒｼ"
"13","132233","東京都","武蔵村山市","ﾄｳｷｮｳﾄ","ﾑｻｼﾑﾗﾔﾏｼ"
"13","132241","東京都","多摩市","ﾄｳｷｮｳﾄ","ﾀﾏｼ"
"13","132250","東京都","稲城市","ﾄｳｷｮｳﾄ","ｲﾅｷﾞｼ"
"13","132276","東京都","羽村市","ﾄｳｷｮｳﾄ","ﾊﾑﾗｼ"
"13","132284","東京都","あきる野市","ﾄｳｷｮｳﾄ","ｱｷﾙﾉｼ"
"13","132292","東京都","西東京市","ﾄｳｷｮｳﾄ","ﾆｼﾄｳｷｮｳｼ"
"13","133035","東京都","瑞穂町","ﾄｳｷｮｳﾄ","ﾐｽﾞﾎﾏﾁ"
"13","133051","東京都","日の出町","ﾄｳｷｮｳﾄ","ﾋﾉﾃﾞﾏﾁ"
"13","133078","東京都","檜原村","ﾄｳｷｮｳﾄ","ﾋﾉﾊﾗﾑﾗ"
"13","133086","東京都","奥多摩町","ﾄｳｷｮｳﾄ","ｵｸﾀﾏﾏﾁ"
"13","133612","東京都","大島町","ﾄｳｷｮｳﾄ","ｵｵｼﾏﾏﾁ"
"13","133621","東京都","利島村","ﾄｳｷｮｳﾄ","ﾄｼﾏﾑﾗ"
"13","133639","東京都","新島村","ﾄｳｷｮｳﾄ","ﾆｲｼﾞﾏﾑﾗ"
"13","133647","東京都","神津島村","ﾄｳｷｮｳﾄ","ｺｳﾂﾞｼﾏﾑﾗ"
"13","133817","東京都","三宅村","ﾄｳｷｮｳﾄ","ﾐﾔｹﾑﾗ"
"13","133825","東京都","御蔵島村","ﾄｳｷｮｳﾄ","ﾐｸﾗｼﾞﾏﾑﾗ"
"13","134015","東京都","八丈町","ﾄｳｷｮｳﾄ","ﾊﾁｼﾞｮｳﾏﾁ"
"13","134023","東京都","青ヶ島村","ﾄｳｷｮｳﾄ","ｱｵｶﾞｼﾏﾑﾗ"
"13","134210","東京都","小笠原村","ﾄｳｷｮｳﾄ","ｵｶﾞｻﾜﾗﾑﾗ"
"14","140007","神奈川県","","ｶﾅｶﾞﾜｹﾝ",""
"14","141003","神奈川県","横浜市","ｶﾅｶﾞﾜｹﾝ","ﾖｺﾊﾏｼ"
"14","141011","神奈川県","横浜市鶴見区","ｶﾅｶﾞﾜｹﾝ","ﾖｺﾊﾏｼﾂﾙﾐｸ"
"14","141020","神奈川県","横浜市神奈川区","ｶﾅｶﾞﾜｹﾝ","ﾖｺﾊﾏｼｶﾅｶﾞﾜｸ"
"14","141038","神奈川県","横浜市西区","ｶﾅｶﾞﾜｹﾝ","ﾖｺﾊﾏｼﾆｼｸ"
"14","141046","神奈川県","横浜市中区","ｶﾅｶﾞﾜｹﾝ","ﾖｺﾊﾏｼﾅｶｸ"
"14","141054","神奈川県","横浜市南区","ｶﾅｶﾞﾜｹﾝ","ﾖｺﾊﾏｼﾐﾅﾐｸ"
"14","141062","神奈川県","横浜市保土ケ谷区","ｶﾅｶﾞﾜｹﾝ","ﾖｺﾊﾏｼﾎﾄﾞｶﾞﾔｸ"
"14","141071","神奈川県","横浜市磯子区","ｶﾅｶﾞﾜｹﾝ","ﾖｺﾊﾏｼｲｿｺﾞｸ"
"14","141089","神奈川県","横浜市金沢区","ｶﾅｶﾞﾜｹﾝ","ﾖｺﾊﾏｼｶﾅｻﾞﾜｸ"
"14","141097","神奈川県","横浜市港北区","ｶﾅｶﾞﾜｹﾝ","ﾖｺﾊﾏｼｺｳﾎｸｸ"
"14","141101","神奈川県","横浜市戸塚区","ｶﾅｶﾞﾜｹﾝ","ﾖｺﾊﾏｼﾄﾂｶｸ"
"14","141119","神奈川県","横浜市港南区","ｶﾅｶﾞﾜｹﾝ","ﾖｺﾊﾏｼｺｳﾅﾝｸ"
"14","141127","神奈川県","横浜市旭区","ｶﾅｶﾞﾜｹﾝ","ﾖｺﾊﾏｼｱｻﾋｸ"
"14","141135","神奈川県","横浜市緑区","ｶﾅｶﾞﾜｹﾝ","ﾖｺﾊﾏｼﾐﾄﾞﾘｸ"
"14","141143","神奈川県","横浜市瀬谷区","ｶﾅｶﾞﾜｹﾝ","ﾖｺﾊﾏｼｾﾔｸ"
"14","141151","神奈川県","横浜市栄区","ｶﾅｶﾞﾜｹﾝ","ﾖｺﾊﾏｼｻｶｴｸ"
"14","141160","神奈川県","横浜市泉区","ｶﾅｶﾞﾜｹﾝ","ﾖｺﾊﾏｼｲｽﾞﾐｸ"
"14","141178","神奈川県","横浜市青葉区","ｶﾅｶﾞﾜｹﾝ","ﾖｺﾊﾏｼｱｵﾊﾞｸ"
"14","141186","神奈川県","横浜市都筑区","ｶﾅｶﾞﾜｹﾝ","ﾖｺﾊﾏｼﾂﾂﾞｷｸ"
"14","141305","神奈川県","川崎市","ｶﾅｶﾞﾜｹﾝ","ｶﾜｻｷｼ"
"14","141313","神奈川県","川崎市川崎区","ｶﾅｶﾞﾜｹﾝ","ｶﾜｻｷｼｶﾜｻｷｸ"
"14","141321","神奈川県","川崎市幸区","ｶﾅｶﾞﾜｹﾝ","ｶﾜｻｷｼｻｲﾜｲｸ"
"14","141330","神奈川県","川崎市中原区","ｶﾅｶﾞﾜｹﾝ","ｶﾜｻｷｼﾅｶﾊﾗｸ"
"14","141348","神奈川県","川崎市高津区","ｶﾅｶﾞﾜｹﾝ","ｶﾜｻｷｼﾀｶﾂｸ"
"14","141356","神奈川県","川崎市多摩区","ｶﾅｶﾞﾜｹﾝ","ｶﾜｻｷｼﾀﾏｸ"
"14","141364","神奈川県","川崎市宮前区","ｶﾅｶﾞﾜｹﾝ","ｶﾜｻｷｼﾐﾔﾏｴｸ"
"14","141372","神奈川県","川崎市麻生区","ｶﾅｶﾞﾜｹﾝ","ｶﾜｻｷｼｱｻｵｸ"
"14","141500","神奈川県","相模原市","ｶﾅｶﾞﾜｹﾝ","ｻｶﾞﾐﾊﾗｼ"
"14","141518","神奈川県","相模原市緑区","ｶﾅｶﾞﾜｹﾝ","ｻｶﾞﾐﾊﾗｼﾐﾄﾞﾘｸ"
"14","141526","神奈川県","相模原市中央区","ｶﾅｶﾞﾜｹﾝ","ｻｶﾞﾐﾊﾗｼﾁｭｳｵｳｸ"
"14","141534","神奈川県","相模原市南区","ｶﾅｶﾞﾜｹﾝ","ｻｶﾞﾐﾊﾗｼﾐﾅﾐｸ"
"14","142018","神奈川県","横須賀市","ｶﾅｶﾞﾜｹﾝ","ﾖｺｽｶｼ"
"14","142034","神奈川県","平塚市","ｶﾅｶﾞﾜｹﾝ","ﾋﾗﾂｶｼ"
"14","142042","神奈川県","鎌倉市","ｶﾅｶﾞﾜｹﾝ","ｶﾏｸﾗｼ"
"14","142051","神奈川県","藤沢市","ｶﾅｶﾞﾜｹﾝ","ﾌｼﾞｻﾜｼ"
"14","142069","神奈川県","小田原市","ｶﾅｶﾞﾜｹﾝ","ｵﾀﾞﾜﾗｼ"
"14","142077","神奈川県","茅ヶ崎市","ｶﾅｶﾞﾜｹﾝ","ﾁｶﾞｻｷｼ"
"14","142085","神奈川県","逗子市","ｶﾅｶﾞﾜｹﾝ","ｽﾞｼｼ"
"14","142107","神奈川県","三浦市","ｶﾅｶﾞﾜｹﾝ","ﾐｳﾗｼ"
"14","142115","神奈川県","秦野市","ｶﾅｶﾞﾜｹﾝ","ﾊﾀﾞﾉｼ"
"14","142123","神奈川県","厚木市","ｶﾅｶﾞﾜｹﾝ","ｱﾂｷﾞｼ"
"14","142131","神奈川県","大和市","ｶﾅｶﾞﾜｹﾝ","ﾔﾏﾄｼ"
"14","142140","神奈川県","伊勢原市","ｶﾅｶﾞﾜｹﾝ","ｲｾﾊﾗｼ"
"14","142158","神奈川県","海老名市","ｶﾅｶﾞﾜｹﾝ","ｴﾋﾞﾅｼ"
"14","142166","神奈川県","座間市","ｶﾅｶﾞﾜｹﾝ","ｻﾞﾏｼ"
"14","142174","神奈川県","南足柄市","ｶﾅｶﾞﾜｹﾝ","ﾐﾅﾐｱｼｶﾞﾗｼ"
"14","142182","神奈川県","綾瀬市","ｶﾅｶﾞﾜｹﾝ","ｱﾔｾｼ"
"14","143014","神奈川県","葉山町","ｶﾅｶﾞﾜｹﾝ","ﾊﾔﾏﾏﾁ"
"14","143219","神奈川県","寒川町","ｶﾅｶﾞﾜｹﾝ","ｻﾑｶﾜﾏﾁ"
"14","143413","神奈川県","大磯町","ｶﾅｶﾞﾜｹﾝ","ｵｵｲｿﾏﾁ"
"14","143421","神奈川県","二宮町","ｶﾅｶﾞﾜｹﾝ","ﾆﾉﾐﾔﾏﾁ"
"14","143618","神奈川県","中井町","ｶﾅｶﾞﾜｹﾝ","ﾅｶｲﾏﾁ"
"14","143626","神奈川県","大井町","ｶﾅｶﾞﾜｹﾝ","ｵｵｲﾏﾁ"
"14","143634","神奈川県","松田町","ｶﾅｶﾞﾜｹﾝ","ﾏﾂﾀﾞﾏﾁ"
"14","143642","神奈川県","山北町","ｶﾅｶﾞﾜｹﾝ","ﾔﾏｷﾀﾏﾁ"
"14","143669","神奈川県","開成町","ｶﾅｶﾞﾜｹﾝ","ｶｲｾｲﾏﾁ"
"14","143821","神奈川県","箱根町","ｶﾅｶﾞﾜｹﾝ","ﾊｺﾈﾏﾁ"
"14","143839","神奈川県","真鶴町","ｶﾅｶﾞﾜｹﾝ","ﾏﾅﾂﾞﾙﾏﾁ"
"14","143847","神奈川県","湯河原町","ｶﾅｶﾞﾜｹﾝ","ﾕｶﾞﾜﾗﾏﾁ"
"14","144011","神奈川県","愛川町","ｶﾅｶﾞﾜｹﾝ","ｱｲｶﾜﾏﾁ"
"14","144029","神奈川県","清川村","ｶﾅｶﾞﾜｹﾝ","ｷﾖｶﾜﾑﾗ"
"15","150002","新潟県","","ﾆｲｶﾞﾀｹﾝ",""
"15","151009","新潟県","新潟市","ﾆｲｶﾞﾀｹﾝ","ﾆｲｶﾞﾀｼ"
"15","151017","新潟県","新潟市北区","ﾆｲｶﾞﾀｹﾝ","ﾆｲｶﾞﾀｼｷﾀｸ"
"15","151025","新潟県","新潟市東区","ﾆｲｶﾞﾀｹﾝ","ﾆｲｶﾞﾀｼﾋｶﾞｼｸ"
"15","151033","新潟県","新潟市中央区","ﾆｲｶﾞﾀｹﾝ","ﾆｲｶﾞﾀｼﾁｭｳｵｳｸ"
"15","151041","新潟県","新潟市江南区","ﾆｲｶﾞﾀｹﾝ","ﾆｲｶﾞﾀｼｺｳﾅﾝｸ"
"15","151050","新潟県","新潟市秋葉区","ﾆｲｶﾞﾀｹﾝ","ﾆｲｶﾞﾀｼｱｷﾊｸ"
"15","151068","新潟県","新潟市南区","ﾆｲｶﾞﾀｹﾝ","ﾆｲｶﾞﾀｼﾐﾅﾐｸ"
"15","151076","新潟県","新潟市西区","ﾆｲｶﾞﾀｹﾝ","ﾆｲｶﾞﾀｼﾆｼｸ"
"15","151084","新潟県","新潟市西蒲区","ﾆｲｶﾞﾀｹﾝ","ﾆｲｶﾞﾀｼﾆｼｶﾝｸ"
"15","152021","新潟県","長岡市","ﾆｲｶﾞﾀｹﾝ","ﾅｶﾞｵｶｼ"
"15","152048","新潟県","三条市","ﾆｲｶﾞﾀｹﾝ","ｻﾝｼﾞｮｳｼ"
"15","152056","新潟県","柏崎市","ﾆｲｶﾞﾀｹﾝ","ｶｼﾜｻﾞｷｼ"
"15","152064","新潟県","新発田市","ﾆｲｶﾞﾀｹﾝ","ｼﾊﾞﾀｼ"
"15","152081","新潟県","小千谷市","ﾆｲｶﾞﾀｹﾝ","ｵﾁﾞﾔｼ"
"15","152099","新潟県","加茂市","ﾆｲｶﾞﾀｹﾝ","ｶﾓｼ"
"15","152102","新潟県","十日町市","ﾆｲｶﾞﾀｹﾝ","ﾄｵｶﾏﾁｼ"
"15","152111","新潟県","見附市","ﾆｲｶﾞﾀｹﾝ","ﾐﾂｹｼ"
"15","152129","新潟県","村上市","ﾆｲｶﾞﾀｹﾝ","ﾑﾗｶﾐｼ"
"15","152137","新潟県","燕市","ﾆｲｶﾞﾀｹﾝ","ﾂﾊﾞﾒｼ"
"15","152161","新潟県","糸魚川市","ﾆｲｶﾞﾀｹﾝ","ｲﾄｲｶﾞﾜｼ"
"15","152170","新潟県","妙高市","ﾆｲｶﾞﾀｹﾝ","ﾐｮｳｺｳｼ"
"15","152188","新潟県","五泉市","ﾆｲｶﾞﾀｹﾝ","ｺﾞｾﾝｼ"
"15","152226","新潟県","上越市","ﾆｲｶﾞﾀｹﾝ","ｼﾞｮｳｴﾂｼ"
"15","152234","新潟県","阿賀野市","ﾆｲｶﾞﾀｹﾝ","ｱｶﾞﾉｼ"
"15","152242","新潟県","佐渡市","ﾆｲｶﾞﾀｹﾝ","ｻﾄﾞｼ"
"15","152251","新潟県","魚沼市","ﾆｲｶﾞﾀｹﾝ","ｳｵﾇﾏｼ"
"15","152269","新潟県","南魚沼市","ﾆｲｶﾞﾀｹﾝ","ﾐﾅﾐｳｵﾇﾏｼ"
"15","152277","新潟県","胎内市","ﾆｲｶﾞﾀｹﾝ","ﾀｲﾅｲｼ"
"15","153079","新潟県","聖籠町","ﾆｲｶﾞﾀｹﾝ","ｾｲﾛｳﾏﾁ"
"15","153427","新潟県","弥彦村","ﾆｲｶﾞﾀｹﾝ","ﾔﾋｺﾑﾗ"
"15","153613","新潟県","田上町","ﾆｲｶﾞﾀｹﾝ","ﾀｶﾞﾐﾏﾁ"
"15","153851","新潟県","阿賀町","ﾆｲｶﾞﾀｹﾝ","ｱｶﾞﾏﾁ"
"15","154059","新潟県","出雲崎町","ﾆｲｶﾞﾀｹﾝ","ｲｽﾞﾓｻﾞｷﾏﾁ"
"15","154610","新潟県","湯沢町","ﾆｲｶﾞﾀｹﾝ","ﾕｻﾞﾜﾏﾁ"
"15","154822","新潟県","津南町","ﾆｲｶﾞﾀｹﾝ","ﾂﾅﾝﾏﾁ"
"15","155047","新潟県","刈羽村","ﾆｲｶﾞﾀｹﾝ","ｶﾘﾜﾑﾗ"
"15","155811","新潟県","関川村","ﾆｲｶﾞﾀｹﾝ","ｾｷｶﾜﾑﾗ"
"15","155861","新潟県","粟島浦村","ﾆｲｶﾞﾀｹﾝ","ｱﾜｼﾏｳﾗﾑﾗ"
"16","160008","富山県","","ﾄﾔﾏｹﾝ",""
"16","162019","富山県","富山市","ﾄﾔﾏｹﾝ","ﾄﾔﾏｼ"
"16","162027","富山県","高岡市","ﾄﾔﾏｹﾝ","ﾀｶｵｶｼ"
"16","162043","富山県","魚津市","ﾄﾔﾏｹﾝ","ｳｵﾂﾞｼ"
"16","162051","富山県","氷見市","ﾄﾔﾏｹﾝ","ﾋﾐｼ"
"16","162060","富山県","滑川市","ﾄﾔﾏｹﾝ","ﾅﾒﾘｶﾜｼ"
"16","162078","富山県","黒部市","ﾄﾔﾏｹﾝ","ｸﾛﾍﾞｼ"
"16","162086","富山県","砺波市","ﾄﾔﾏｹﾝ","ﾄﾅﾐｼ"
"16","162094","富山県","小矢部市","ﾄﾔﾏｹﾝ","ｵﾔﾍﾞｼ"
"16","162108","富山県","南砺市","ﾄﾔﾏｹﾝ","ﾅﾝﾄｼ"
"16","162116","富山県","射水市","ﾄﾔﾏｹﾝ","ｲﾐｽﾞｼ"
"16","163210","富山県","舟橋村","ﾄﾔﾏｹﾝ","ﾌﾅﾊｼﾑﾗ"
"16","163228","富山県","上市町","ﾄﾔﾏｹﾝ","ｶﾐｲﾁﾏﾁ"
"16","163236","富山県","立山町","ﾄﾔﾏｹﾝ","ﾀﾃﾔﾏﾏﾁ"
"16","163422","富山県","入善町","ﾄﾔﾏｹﾝ","ﾆｭｳｾﾞﾝﾏﾁ"
"16","163431","富山県","朝日町","ﾄﾔﾏｹﾝ","ｱｻﾋﾏﾁ"
"17","170003","石川県","","ｲｼｶﾜｹﾝ",""
"17","172014","石川県","金沢市","ｲｼｶﾜｹﾝ","ｶﾅｻﾞﾜｼ"
"17","172022","石川県","七尾市","ｲｼｶﾜｹﾝ","ﾅﾅｵｼ"
"17","172031","石川県","小松市","ｲｼｶﾜｹﾝ","ｺﾏﾂｼ"
"17","172049","石川県","輪島市","ｲｼｶﾜｹﾝ","ﾜｼﾞﾏｼ"
"17","172057","石川県","珠洲市","ｲｼｶﾜｹﾝ","ｽｽﾞｼ"
"17","172065","石川県","加賀市","ｲｼｶﾜｹﾝ","ｶｶﾞｼ"
"17","172073","石川県","羽咋市","ｲｼｶﾜｹﾝ","ﾊｸｲｼ"
"17","172090","石川県","かほく市","ｲｼｶﾜｹﾝ","ｶﾎｸｼ"
"17","172103","石川県","白山市","ｲｼｶﾜｹﾝ","ﾊｸｻﾝｼ"
"17","172111","石川県","能美市","ｲｼｶﾜｹﾝ","ﾉﾐｼ"
"17","172120","石川県","野々市市","ｲｼｶﾜｹﾝ","ﾉﾉｲﾁｼ"
"17","173240","石川県","川北町","ｲｼｶﾜｹﾝ","ｶﾜｷﾀﾏﾁ"
"17","173614","石川県","津幡町","ｲｼｶﾜｹﾝ","ﾂﾊﾞﾀﾏﾁ"
"17","173657","石川県","内灘町","ｲｼｶﾜｹﾝ","ｳﾁﾅﾀﾞﾏﾁ"
"17","173843","石川県","志賀町","ｲｼｶﾜｹﾝ","ｼｶﾏﾁ"
"17","173860","石川県","宝達志水町","ｲｼｶﾜｹﾝ","ﾎｳﾀﾞﾂｼﾐｽﾞﾁｮｳ"
"17","174076","石川県","中能登町","ｲｼｶﾜｹﾝ","ﾅｶﾉﾄﾏﾁ"
"17","174611","石川県","穴水町","ｲｼｶﾜｹﾝ","ｱﾅﾐｽﾞﾏﾁ"
"17","174637","石川県","能登町","ｲｼｶﾜｹﾝ","ﾉﾄﾁｮｳ"
"18","180009","福井県","","ﾌｸｲｹﾝ",""
"18","182010","福井県","福井市","ﾌｸｲｹﾝ","ﾌｸｲｼ"
"18","182028","福井県","敦賀市","ﾌｸｲｹﾝ","ﾂﾙｶﾞｼ"
"18","182044","福井県","小浜市","ﾌｸｲｹﾝ","ｵﾊﾞﾏｼ"
"18","182052","福井県","大野市","ﾌｸｲｹﾝ","ｵｵﾉｼ"
"18","182061","福井県","勝山市","ﾌｸｲｹﾝ","ｶﾂﾔﾏｼ"
"18","182079","福井県","鯖江市","ﾌｸｲｹﾝ","ｻﾊﾞｴｼ"
"18","182087","福井県","あわら市","ﾌｸｲｹﾝ","ｱﾜﾗｼ"
"18","182095","福井県","越前市","ﾌｸｲｹﾝ","ｴﾁｾﾞﾝｼ"
"18","182109","福井県","坂井市","ﾌｸｲｹﾝ","ｻｶｲｼ"
"18","183229","福井県","永平寺町","ﾌｸｲｹﾝ","ｴｲﾍｲｼﾞﾁｮｳ"
"18","183822","福井県","池田町","ﾌｸｲｹﾝ","ｲｹﾀﾞﾁｮｳ"
"18","184047","福井県","南越前町","ﾌｸｲｹﾝ","ﾐﾅﾐｴﾁｾﾞﾝﾁｮｳ"
"18","184233","福井県","越前町","ﾌｸｲｹﾝ","ｴﾁｾﾞﾝﾁｮｳ"
"18","184420","福井県","美浜町","ﾌｸｲｹﾝ","ﾐﾊﾏﾁｮｳ"
"18","184811","福井県","高浜町","ﾌｸｲｹﾝ","ﾀｶﾊﾏﾁｮｳ"
"18","184837","福井県","おおい町","ﾌｸｲｹﾝ","ｵｵｲﾁｮｳ"
"18","185019","福井県","若狭町","ﾌｸｲｹﾝ","ﾜｶｻﾁｮｳ"
"19","190004","山梨県","","ﾔﾏﾅｼｹﾝ",""
"19","192015","山梨県","甲府市","ﾔﾏﾅｼｹﾝ","ｺｳﾌｼ"
"19","192023","山梨県","富士吉田市","ﾔﾏﾅｼｹﾝ","ﾌｼﾞﾖｼﾀﾞｼ"
"19","192040","山梨県","都留市","ﾔﾏﾅｼｹﾝ","ﾂﾙｼ"
"19","192058","山梨県","山梨市","ﾔﾏﾅｼｹﾝ","ﾔﾏﾅｼｼ"
"19","192066","山梨県","大月市","ﾔﾏﾅｼｹﾝ","ｵｵﾂｷｼ"
"19","192074","山梨県","韮崎市","ﾔﾏﾅｼｹﾝ","ﾆﾗｻｷｼ"
"19","192082","山梨県","南アルプス市","ﾔﾏﾅｼｹﾝ","ﾐﾅﾐｱﾙﾌﾟｽｼ"
"19","192091","山梨県","北杜市","ﾔﾏﾅｼｹﾝ","ﾎｸﾄｼ"
"19","192104","山梨県","甲斐市","ﾔﾏﾅｼｹﾝ","ｶｲｼ"
"19","192112","山梨県","笛吹市","ﾔﾏﾅｼｹﾝ","ﾌｴﾌｷｼ"
"19","192121","山梨県","上野原市","ﾔﾏﾅｼｹﾝ","ｳｴﾉﾊﾗｼ"
"19","192139","山梨県","甲州市","ﾔﾏﾅｼｹﾝ","ｺｳｼｭｳｼ"
"19","192147","山梨県","中央市","ﾔﾏﾅｼｹﾝ","ﾁｭｳｵｳｼ"
"19","193461","山梨県","市川三郷町","ﾔﾏﾅｼｹﾝ","ｲﾁｶﾜﾐｻﾄﾁｮｳ"
"19","193640","山梨県","早川町","ﾔﾏﾅｼｹﾝ","ﾊﾔｶﾜﾁｮｳ"
"19","193658","山梨県","身延町","ﾔﾏﾅｼｹﾝ","ﾐﾉﾌﾞﾁｮｳ"
"19","193666","山梨県","南部町","ﾔﾏﾅｼｹﾝ","ﾅﾝﾌﾞﾁｮｳ"
"19","193682","山梨県","富士川町","ﾔﾏﾅｼｹﾝ","ﾌｼﾞｶﾜﾁｮｳ"
"19","193844","山梨県","昭和町","ﾔﾏﾅｼｹﾝ","ｼｮｳﾜﾁｮｳ"
"19","194221","山梨県","道志村","ﾔﾏﾅｼｹﾝ","ﾄﾞｳｼﾑﾗ"
"19","194239","山梨県","西桂町","ﾔﾏﾅｼｹﾝ","ﾆｼｶﾂﾗﾁｮｳ"
"19","194247","山梨県","忍野村","ﾔﾏﾅｼｹﾝ","ｵｼﾉﾑﾗ"
"19","194255","山梨県","山中湖村","ﾔﾏﾅｼｹﾝ","ﾔﾏﾅｶｺﾑﾗ"
"19","194298","山梨県","鳴沢村","ﾔﾏﾅｼｹﾝ","ﾅﾙｻﾜﾑﾗ"
"19","194301","山梨県","富士河口湖町","ﾔﾏﾅｼｹﾝ","ﾌｼﾞｶﾜｸﾞﾁｺﾏﾁ"
"19","194425","山梨県","小菅村","ﾔﾏﾅｼｹﾝ","ｺｽｹﾞﾑﾗ"
"19","194433","山梨県","丹波山村","ﾔﾏﾅｼｹﾝ","ﾀﾊﾞﾔﾏﾑﾗ"
"20","200000","長野県","","ﾅｶﾞﾉｹﾝ",""
"20","202011","長野県","長野市","ﾅｶﾞﾉｹﾝ","ﾅｶﾞﾉｼ"
"20","202029","長野県","松本市","ﾅｶﾞﾉｹﾝ","ﾏﾂﾓﾄｼ"
"20","202037","長野県","上田市","ﾅｶﾞﾉｹﾝ","ｳｴﾀﾞｼ"
"20","202045","長野県","岡谷市","ﾅｶﾞﾉｹﾝ","ｵｶﾔｼ"
"20","202053","長野県","飯田市","ﾅｶﾞﾉｹﾝ","ｲｲﾀﾞｼ"
"20","202061","長野県","諏訪市","ﾅｶﾞﾉｹﾝ","ｽﾜｼ"
"20","202070","長野県","須坂市","ﾅｶﾞﾉｹﾝ","ｽｻﾞｶｼ"
"20","202088","長野県","小諸市","ﾅｶﾞﾉｹﾝ","ｺﾓﾛｼ"
"20","202096","長野県","伊那市","ﾅｶﾞﾉｹﾝ","ｲﾅｼ"
"20","202100","長野県","駒ヶ根市","ﾅｶﾞﾉｹﾝ","ｺﾏｶﾞﾈｼ"
"20","202118","長野県","中野市","ﾅｶﾞﾉｹﾝ","ﾅｶﾉｼ"
"20","202126","長野県","大町市","ﾅｶﾞﾉｹﾝ","ｵｵﾏﾁｼ"
"20","202134","長野県","飯山市","ﾅｶﾞﾉｹﾝ","ｲｲﾔﾏｼ"
"20","202142","長野県","茅野市","ﾅｶﾞﾉｹﾝ","ﾁﾉｼ"
"20","202151","長野県","塩尻市","ﾅｶﾞﾉｹﾝ","ｼｵｼﾞﾘｼ"
"20","202177","長野県","佐久市","ﾅｶﾞﾉｹﾝ","ｻｸｼ"
"20","202185","長野県","千曲市","ﾅｶﾞﾉｹﾝ","ﾁｸﾏｼ"
"20","202193","長野県","東御市","ﾅｶﾞﾉｹﾝ","ﾄｳﾐｼ"
"20","202207","長野県","安曇野市","ﾅｶﾞﾉｹﾝ","ｱﾂﾞﾐﾉｼ"
"20","203033","長野県","小海町","ﾅｶﾞﾉｹﾝ","ｺｳﾐﾏﾁ"
"20","203041","長野県","川上村","ﾅｶﾞﾉｹﾝ","ｶﾜｶﾐﾑﾗ"
"20","203050","長野県","南牧村","ﾅｶﾞﾉｹﾝ","ﾐﾅﾐﾏｷﾑﾗ"
"20","203068","長野県","南相木村","ﾅｶﾞﾉｹﾝ","ﾐﾅﾐｱｲｷﾑﾗ"
"20","203076","長野県","北相木村","ﾅｶﾞﾉｹﾝ","ｷﾀｱｲｷﾑﾗ"
"20","203092","長野県","佐久穂町","ﾅｶﾞﾉｹﾝ","ｻｸﾎﾏﾁ"
"20","203211","長野県","軽井沢町","ﾅｶﾞﾉｹﾝ","ｶﾙｲｻﾞﾜﾏﾁ"
"20","203238","長野県","御代田町","ﾅｶﾞﾉｹﾝ","ﾐﾖﾀﾏﾁ"
"20","203246","長野県","立科町","ﾅｶﾞﾉｹﾝ","ﾀﾃｼﾅﾏﾁ"
"20","203491","長野県","青木村","ﾅｶﾞﾉｹﾝ","ｱｵｷﾑﾗ"
"20","203505","長野県","長和町","ﾅｶﾞﾉｹﾝ","ﾅｶﾞﾜﾏﾁ"
"20","203611","長野県","下諏訪町","ﾅｶﾞﾉｹﾝ","ｼﾓｽﾜﾏﾁ"
"20","203629","長野県","富士見町","ﾅｶﾞﾉｹﾝ","ﾌｼﾞﾐﾏﾁ"
"20","203637","長野県","原村","ﾅｶﾞﾉｹﾝ","ﾊﾗﾑﾗ"
"20","203823","長野県","辰野町","ﾅｶﾞﾉｹﾝ","ﾀﾂﾉﾏﾁ"
"20","203831","長野県","箕輪町","ﾅｶﾞﾉｹﾝ","ﾐﾉﾜﾏﾁ"
"20","203840","長野県","飯島町","ﾅｶﾞﾉｹﾝ","ｲｲｼﾞﾏﾏﾁ"
"20","203858","長野県","南箕輪村","ﾅｶﾞﾉｹﾝ","ﾐﾅﾐﾐﾉﾜﾑﾗ"
"20","203866","長野県","中川村","ﾅｶﾞﾉｹﾝ","ﾅｶｶﾞﾜﾑﾗ"
"20","203882","長野県","宮田村","ﾅｶﾞﾉｹﾝ","ﾐﾔﾀﾞﾑﾗ"
"20","204021","長野県","松川町","ﾅｶﾞﾉｹﾝ","ﾏﾂｶﾜﾏﾁ"
"20","204030","長野県","高森町","ﾅｶﾞﾉｹﾝ","ﾀｶﾓﾘﾏﾁ"
"20","204048","長野県","阿南町","ﾅｶﾞﾉｹﾝ","ｱﾅﾝﾁｮｳ"
"20","204072","長野県","阿智村","ﾅｶﾞﾉｹﾝ","ｱﾁﾑﾗ"
"20","204099","長野県","平谷村","ﾅｶﾞﾉｹﾝ","ﾋﾗﾔﾑﾗ"
"20","204102","長野県","根羽村","ﾅｶﾞﾉｹﾝ","ﾈﾊﾞﾑﾗ"
"20","204111","長野県","下條村","ﾅｶﾞﾉｹﾝ","ｼﾓｼﾞｮｳﾑﾗ"
"20","204129","長野県","売木村","ﾅｶﾞﾉｹﾝ","ｳﾙｷﾞﾑﾗ"
"20","204137","長野県","天龍村","ﾅｶﾞﾉｹﾝ","ﾃﾝﾘｭｳﾑﾗ"
"20","204145","長野県","泰阜村","ﾅｶﾞﾉｹﾝ","ﾔｽｵｶﾑﾗ"
"20","204153","長野県","喬木村","ﾅｶﾞﾉｹﾝ","ﾀｶｷﾞﾑﾗ"
"20","204161","長野県","豊丘村","ﾅｶﾞﾉｹﾝ","ﾄﾖｵｶﾑﾗ"
"20","204170","長野県","大鹿村","ﾅｶﾞﾉｹﾝ","ｵｵｼｶﾑﾗ"
"20","204226","長野県","上松町","ﾅｶﾞﾉｹﾝ","ｱｹﾞﾏﾂﾏﾁ"
"20","204234","長野県","南木曽町","ﾅｶﾞﾉｹﾝ","ﾅｷﾞｿﾏﾁ"
"20","204251","長野県","木祖村","ﾅｶﾞﾉｹﾝ","ｷｿﾑﾗ"
"20","204293","長野県","王滝村","ﾅｶﾞﾉｹﾝ","ｵｳﾀｷﾑﾗ"
"20","204307","長野県","大桑村","ﾅｶﾞﾉｹﾝ","ｵｵｸﾜﾑﾗ"
"20","204323","長野県","木曽町","ﾅｶﾞﾉｹﾝ","ｷｿﾏﾁ"
"20","204463","長野県","麻績村","ﾅｶﾞﾉｹﾝ","ｵﾐﾑﾗ"
"20","204480","長野県","生坂村","ﾅｶﾞﾉｹﾝ","ｲｸｻｶﾑﾗ"
"20","204501","長野県","山形村","ﾅｶﾞﾉｹﾝ","ﾔﾏｶﾞﾀﾑﾗ"
"20","204510","長野県","朝日村","ﾅｶﾞﾉｹﾝ","ｱｻﾋﾑﾗ"
"20","204528","長野県","筑北村","ﾅｶﾞﾉｹﾝ","ﾁｸﾎｸﾑﾗ"
"20","204811","長野県","池田町","ﾅｶﾞﾉｹﾝ","ｲｹﾀﾞﾏﾁ"
"20","204820","長野県","松川村","ﾅｶﾞﾉｹﾝ","ﾏﾂｶﾜﾑﾗ"
"20","204854","長野県","白馬村","ﾅｶﾞﾉｹﾝ","ﾊｸﾊﾞﾑﾗ"
"20","204862","長野県","小谷村","ﾅｶﾞﾉｹﾝ","ｵﾀﾘﾑﾗ"
"20","205214","長野県","坂城町","ﾅｶﾞﾉｹﾝ","ｻｶｷﾏﾁ"
"20","205419","長野県","小布施町","ﾅｶﾞﾉｹﾝ","ｵﾌﾞｾﾏﾁ"
"20","205435","長野県","高山村","ﾅｶﾞﾉｹﾝ","ﾀｶﾔﾏﾑﾗ"
"20","205613","長野県","山ノ内町","ﾅｶﾞﾉｹﾝ","ﾔﾏﾉｳﾁﾏﾁ"
"20","205621","長野県","木島平村","ﾅｶﾞﾉｹﾝ","ｷｼﾞﾏﾀﾞｲﾗﾑﾗ"
"20","205630","長野県","野沢温泉村","ﾅｶﾞﾉｹﾝ","ﾉｻﾞﾜｵﾝｾﾝﾑﾗ"
"20","205834","長野県","信濃町","ﾅｶﾞﾉｹﾝ","ｼﾅﾉﾏﾁ"
"20","205885","長野県","小川村","ﾅｶﾞﾉｹﾝ","ｵｶﾞﾜﾑﾗ"
"20","205907","長野県","飯綱町","ﾅｶﾞﾉｹﾝ","ｲｲﾂﾞﾅﾏﾁ"
"20","206024","長野県","栄村","ﾅｶﾞﾉｹﾝ","ｻｶｴﾑﾗ"
"21","210005","岐阜県","","ｷﾞﾌｹﾝ",""
"21","212016","岐阜県","岐阜市","ｷﾞﾌｹﾝ","ｷﾞﾌｼ"
"21","212024","岐阜県","大垣市","ｷﾞﾌｹﾝ","ｵｵｶﾞｷｼ"
"21","212032","岐阜県","高山市","ｷﾞﾌｹﾝ","ﾀｶﾔﾏｼ"
"21","212041","岐阜県","多治見市","ｷﾞﾌｹﾝ","ﾀｼﾞﾐｼ"
"21","212059","岐阜県","関市","ｷﾞﾌｹﾝ","ｾｷｼ"
"21","212067","岐阜県","中津川市","ｷﾞﾌｹﾝ","ﾅｶﾂｶﾞﾜｼ"
"21","212075","岐阜県","美濃市","ｷﾞﾌｹﾝ","ﾐﾉｼ"
"21","212083","岐阜県","瑞浪市","ｷﾞﾌｹﾝ","ﾐｽﾞﾅﾐｼ"
"21","212091","岐阜県","羽島市","ｷﾞﾌｹﾝ","ﾊｼﾏｼ"
"21","212105","岐阜県","恵那市","ｷﾞﾌｹﾝ","ｴﾅｼ"
"21","212113","岐阜県","美濃加茂市","ｷﾞﾌｹﾝ","ﾐﾉｶﾓｼ"
"21","212121","岐阜県","土岐市","ｷﾞﾌｹﾝ","ﾄｷｼ"
"21","212130","岐阜県","各務原市","ｷﾞﾌｹﾝ","ｶｶﾐｶﾞﾊﾗｼ"
"21","212148","岐阜県","可児市","ｷﾞﾌｹﾝ","ｶﾆｼ"
"21","212156","岐阜県","山県市","ｷﾞﾌｹﾝ","ﾔﾏｶﾞﾀｼ"
"21","212164","岐阜県","瑞穂市","ｷﾞﾌｹﾝ","ﾐｽﾞﾎｼ"
"21","212172","岐阜県","飛騨市","ｷﾞﾌｹﾝ","ﾋﾀﾞｼ"
"21","212181","岐阜県","本巣市","ｷﾞﾌｹﾝ","ﾓﾄｽｼ"
"21","212199","岐阜県","郡上市","ｷﾞﾌｹﾝ","ｸﾞｼﾞｮｳｼ"
"21","212202","岐阜県","下呂市","ｷﾞﾌｹﾝ","ｹﾞﾛｼ"
"21","212211","岐阜県","海津市","ｷﾞﾌｹﾝ","ｶｲﾂﾞｼ"
"21","213021","岐阜県","岐南町","ｷﾞﾌｹﾝ","ｷﾞﾅﾝﾁｮｳ"
"21","213039","岐阜県","笠松町","ｷﾞﾌｹﾝ","ｶｻﾏﾂﾁｮｳ"
"21","213411","岐阜県","養老町","ｷﾞﾌｹﾝ","ﾖｳﾛｳﾁｮｳ"
"21","213616","岐阜県","垂井町","ｷﾞﾌｹﾝ","ﾀﾙｲﾁｮｳ"
"21","213624","岐阜県","関ケ原町","ｷﾞﾌｹﾝ","ｾｷｶﾞﾊﾗﾁｮｳ"
"21","213811","岐阜県","神戸町","ｷﾞﾌｹﾝ","ｺﾞｳﾄﾞﾁｮｳ"
"21","213829","岐阜県","輪之内町","ｷﾞﾌｹﾝ","ﾜﾉｳﾁﾁｮｳ"
"21","213837","岐阜県","安八町","ｷﾞﾌｹﾝ","ｱﾝﾊﾟﾁﾁｮｳ"
"21","214019","岐阜県","揖斐川町","ｷﾞﾌｹﾝ","ｲﾋﾞｶﾞﾜﾁｮｳ"
"21","214035","岐阜県","大野町","ｷﾞﾌｹﾝ","ｵｵﾉﾁｮｳ"
"21","214043","岐阜県","池田町","ｷﾞﾌｹﾝ","ｲｹﾀﾞﾁｮｳ"
"21","214213","岐阜県","北方町","ｷﾞﾌｹﾝ","ｷﾀｶﾞﾀﾁｮｳ"
"21","215015","岐阜県","坂祝町","ｷﾞﾌｹﾝ","ｻｶﾎｷﾞﾁｮｳ"
"21","215023","岐阜県","富加町","ｷﾞﾌｹﾝ","ﾄﾐｶﾁｮｳ"
"21","215031","岐阜県","川辺町","ｷﾞﾌｹﾝ","ｶﾜﾍﾞﾁｮｳ"
"21","215040","岐阜県","七宗町","ｷﾞﾌｹﾝ","ﾋﾁｿｳﾁｮｳ"
"21","215058","岐阜県","八百津町","ｷﾞﾌｹﾝ","ﾔｵﾂﾁｮｳ"
"21","215066","岐阜県","白川町","ｷﾞﾌｹﾝ","ｼﾗｶﾜﾁｮｳ"
"21","215074","岐阜県","東白川村","ｷﾞﾌｹﾝ","ﾋｶﾞｼｼﾗｶﾜﾑﾗ"
"21","215210","岐阜県","御嵩町","ｷﾞﾌｹﾝ","ﾐﾀｹﾁｮｳ"
"21","216046","岐阜県","白川村","ｷﾞﾌｹﾝ","ｼﾗｶﾜﾑﾗ"
"22","220001","静岡県","","ｼｽﾞｵｶｹﾝ",""
"22","221007","静岡県","静岡市","ｼｽﾞｵｶｹﾝ","ｼｽﾞｵｶｼ"
"22","221015","静岡県","静岡市葵区","ｼｽﾞｵｶｹﾝ","ｼｽﾞｵｶｼｱｵｲｸ"
"22","221023","静岡県","静岡市駿河区","ｼｽﾞｵｶｹﾝ","ｼｽﾞｵｶｼｽﾙｶﾞｸ"
"22","221031","静岡県","静岡市清水区","ｼｽﾞｵｶｹﾝ","ｼｽﾞｵｶｼｼﾐｽﾞｸ"
"22","221309","静岡県","浜松市","ｼｽﾞｵｶｹﾝ","ﾊﾏﾏﾂｼ"
"22","221384","静岡県","浜松市中央区","ｼｽﾞｵｶｹﾝ","ﾊﾏﾏﾂｼﾁｭｳｵｳｸ"
"22","221392","静岡県","浜松市浜名区","ｼｽﾞｵｶｹﾝ","ﾊﾏﾏﾂｼﾊﾏﾅｸ"
"22","221406","静岡県","浜松市天竜区","ｼｽﾞｵｶｹﾝ","ﾊﾏﾏﾂｼﾃﾝﾘｭｳｸ"
"22","222038","静岡県","沼津市","ｼｽﾞｵｶｹﾝ","ﾇﾏﾂﾞｼ"
"22","222054","静岡県","熱海市","ｼｽﾞｵｶｹﾝ","ｱﾀﾐｼ"
"22","222062","静岡県","三島市","ｼｽﾞｵｶｹﾝ","ﾐｼﾏｼ"
"22","222071","静岡県","富士宮市","ｼｽﾞｵｶｹﾝ","ﾌｼﾞﾉﾐﾔｼ"
"22","222089","静岡県","伊東市","ｼｽﾞｵｶｹﾝ","ｲﾄｳｼ"
"22","222097","静岡県","島田市","ｼｽﾞｵｶｹﾝ","ｼﾏﾀﾞｼ"
"22","222101","静岡県","富士市","ｼｽﾞｵｶｹﾝ","ﾌｼﾞｼ"
"22","222119","静岡県","磐田市","ｼｽﾞｵｶｹﾝ","ｲﾜﾀｼ"
"22","222127","静岡県","焼津市","ｼｽﾞｵｶｹﾝ","ﾔｲﾂﾞｼ"
"22","222135","静岡県","掛川市","ｼｽﾞｵｶｹﾝ","ｶｹｶﾞﾜｼ"
"22","222143","静岡県","藤枝市","ｼｽﾞｵｶｹﾝ","ﾌｼﾞｴﾀﾞｼ"
"22","222151","静岡県","御殿場市","ｼｽﾞｵｶｹﾝ","ｺﾞﾃﾝﾊﾞｼ"
"22","222160","静岡県","袋井市","ｼｽﾞｵｶｹﾝ","ﾌｸﾛｲｼ"
"22","222194","静岡県","下田市","ｼｽﾞｵｶｹﾝ","ｼﾓﾀﾞｼ"
"22","222208","静岡県","裾野市","ｼｽﾞｵｶｹﾝ","ｽｿﾉｼ"
"22","222216","静岡県","湖西市","ｼｽﾞｵｶｹﾝ","ｺｻｲｼ"
"22","222224","静岡県","伊豆市","ｼｽﾞｵｶｹﾝ","ｲｽﾞｼ"
"22","222232","静岡県","御前崎市","ｼｽﾞｵｶｹﾝ","ｵﾏｴｻﾞｷｼ"
"22","222241","静岡県","菊川市","ｼｽﾞｵｶｹﾝ","ｷｸｶﾞﾜｼ"
"22","222259","静岡県","伊豆の国市","ｼｽﾞｵｶｹﾝ","ｲｽﾞﾉｸﾆｼ"
"22","222267","静岡県","牧之原市","ｼｽﾞｵｶｹﾝ","ﾏｷﾉﾊﾗｼ"
"22","223018","静岡県","東伊豆町","ｼｽﾞｵｶｹﾝ","ﾋｶﾞｼｲｽﾞﾁｮｳ"
"22","223026","静岡県","河津町","ｼｽﾞｵｶｹﾝ","ｶﾜﾂﾞﾁｮｳ"
"22","223042","静岡県","南伊豆町","ｼｽﾞｵｶｹﾝ","ﾐﾅﾐｲｽﾞﾁｮｳ"
"22","223051","静岡県","松崎町","ｼｽﾞｵｶｹﾝ","ﾏﾂｻﾞｷﾁｮｳ"
"22","223069","静岡県","西伊豆町","ｼｽﾞｵｶｹﾝ","ﾆｼｲｽﾞﾁｮｳ"
"22","223255","静岡県","函南町","ｼｽﾞｵｶｹﾝ","ｶﾝﾅﾐﾁｮｳ"
"22","223417","静岡県","清水町","ｼｽﾞｵｶｹﾝ","ｼﾐｽﾞﾁｮｳ"
"22","223425","静岡県","長泉町","ｼｽﾞｵｶｹﾝ","ﾅｶﾞｲｽﾞﾐﾁｮｳ"
"22","223441","静岡県","小山町","ｼｽﾞｵｶｹﾝ","ｵﾔﾏﾁｮｳ"
"22","224243","静岡県","吉田町","ｼｽﾞｵｶｹﾝ","ﾖｼﾀﾞﾁｮｳ"
"22","224294","静岡県","川根本町","ｼｽﾞｵｶｹﾝ","ｶﾜﾈﾎﾝﾁｮｳ"
"22","224618","静岡県","森町","ｼｽﾞｵｶｹﾝ","ﾓﾘﾏﾁ"
"23","230006","愛知県","","ｱｲﾁｹﾝ",""
"23","231002","愛知県","名古屋市","ｱｲﾁｹﾝ","ﾅｺﾞﾔｼ"
"23","231011","愛知県","名古屋市千種区","ｱｲﾁｹﾝ","ﾅｺﾞﾔｼﾁｸｻｸ"
"23","231029","愛知県","名古屋市東区","ｱｲﾁｹﾝ","ﾅｺﾞﾔｼﾋｶﾞｼｸ"
"23","231037","愛知県","名古屋市北区","ｱｲﾁｹﾝ","ﾅｺﾞﾔｼｷﾀｸ"
"23","231045","愛知県","名古屋市西区","ｱｲﾁｹﾝ","ﾅｺﾞﾔｼﾆｼｸ"
"23","231053","愛知県","名古屋市中村区","ｱｲﾁｹﾝ","ﾅｺﾞﾔｼﾅｶﾑﾗｸ"
"23","231061","愛知県","名古屋市中区","ｱｲﾁｹﾝ","ﾅｺﾞﾔｼﾅｶｸ"
"23","231070","愛知県","名古屋市昭和区","ｱｲﾁｹﾝ","ﾅｺﾞﾔｼｼｮｳﾜｸ"
"23","231088","愛知県","名古屋市瑞穂区","ｱｲﾁｹﾝ","ﾅｺﾞﾔｼﾐｽﾞﾎｸ"
"23","231096","愛知県","名古屋市熱田区","ｱｲﾁｹﾝ","ﾅｺﾞﾔｼｱﾂﾀｸ"
"23","231100","愛知県","名古屋市中川区","ｱｲﾁｹﾝ","ﾅｺﾞﾔｼﾅｶｶﾞﾜｸ"
"23","231118","愛知県","名古屋市港区","ｱｲﾁｹﾝ","ﾅｺﾞﾔｼﾐﾅﾄｸ"
"23","231126","愛知県","名古屋市南区","ｱｲﾁｹﾝ","ﾅｺﾞﾔｼﾐﾅﾐｸ"
"23","231134","愛知県","名古屋市守山区","ｱｲﾁｹﾝ","ﾅｺﾞﾔｼﾓﾘﾔﾏｸ"
"23","231142","愛知県","名古屋市緑区","ｱｲﾁｹﾝ","ﾅｺﾞﾔｼﾐﾄﾞﾘｸ"
"23","231151","愛知県","名古屋市名東区","ｱｲﾁｹﾝ","ﾅｺﾞﾔｼﾒｲﾄｳｸ"
"23","231169","愛知県","名古屋市天白区","ｱｲﾁｹﾝ","ﾅｺﾞﾔｼﾃﾝﾊﾟｸｸ"
"23","232017","愛知県","豊橋市","ｱｲﾁｹﾝ","ﾄﾖﾊｼｼ"
"23","232025","愛知県","岡崎市","ｱｲﾁｹﾝ","ｵｶｻﾞｷｼ"
"23","232033","愛知県","一宮市","ｱｲﾁｹﾝ","ｲﾁﾉﾐﾔｼ"
"23","232041","愛知県","瀬戸市","ｱｲﾁｹﾝ","ｾﾄｼ"
"23","232050","愛知県","半田市","ｱｲﾁｹﾝ","ﾊﾝﾀﾞｼ"
"23","232068","愛知県","春日井市","ｱｲﾁｹﾝ","ｶｽｶﾞｲｼ"
"23","232076","愛知県","豊川市","ｱｲﾁｹﾝ","ﾄﾖｶﾜｼ"
"23","232084","愛知県","津島市","ｱｲﾁｹﾝ","ﾂｼﾏｼ"
"23","232092","愛知県","碧南市","ｱｲﾁｹﾝ","ﾍｷﾅﾝｼ"
"23","232106","愛知県","刈谷市","ｱｲﾁｹﾝ","ｶﾘﾔｼ"
"23","232114","愛知県","豊田市","ｱｲﾁｹﾝ","ﾄﾖﾀｼ"
"23","232122","愛知県","安城市","ｱｲﾁｹﾝ","ｱﾝｼﾞｮｳｼ"
"23","232131","愛知県","西尾市","ｱｲﾁｹﾝ","ﾆｼｵｼ"
"23","232149","愛知県","蒲郡市","ｱｲﾁｹﾝ","ｶﾞﾏｺﾞｵﾘｼ"
"23","232157","愛知県","犬山市","ｱｲﾁｹﾝ","ｲﾇﾔﾏｼ"
"23","232165","愛知県","常滑市","ｱｲﾁｹﾝ","ﾄｺﾅﾒｼ"
"23","232173","愛知県","江南市","ｱｲﾁｹﾝ","ｺｳﾅﾝｼ"
"23","232190","愛知県","小牧市","ｱｲﾁｹﾝ","ｺﾏｷｼ"
"23","232203","愛知県","稲沢市","ｱｲﾁｹﾝ","ｲﾅｻﾞﾜｼ"
"23","232211","愛知県","新城市","ｱｲﾁｹﾝ","ｼﾝｼﾛｼ"
"23","232220","愛知県","東海市","ｱｲﾁｹﾝ","ﾄｳｶｲｼ"
"23","232238","愛知県","大府市","ｱｲﾁｹﾝ","ｵｵﾌﾞｼ"
"23","232246","愛知県","知多市","ｱｲﾁｹﾝ","ﾁﾀｼ"
"23","232254","愛知県","知立市","ｱｲﾁｹﾝ","ﾁﾘｭｳｼ"
"23","232262","愛知県","尾張旭市","ｱｲﾁｹﾝ","ｵﾜﾘｱｻﾋｼ"
"23","232271","愛知県","高浜市","ｱｲﾁｹﾝ","ﾀｶﾊﾏｼ"
"23","232289","愛知県","岩倉市","ｱｲﾁｹﾝ","ｲﾜｸﾗｼ"
"23","232297","愛知県","豊明市","ｱｲﾁｹﾝ","ﾄﾖｱｹｼ"
"23","232301","愛知県","日進市","ｱｲﾁｹﾝ","ﾆｯｼﾝｼ"
"23","232319","愛知県","田原市","ｱｲﾁｹﾝ","ﾀﾊﾗｼ"
"23","232327","愛知県","愛西市","ｱｲﾁｹﾝ","ｱｲｻｲｼ"
"23","232335","愛知県","清須市","ｱｲﾁｹﾝ","ｷﾖｽｼ"
"23","232343","愛知県","北名古屋市","ｱｲﾁｹﾝ","ｷﾀﾅｺﾞﾔｼ"
"23","232351","愛知県","弥富市","ｱｲﾁｹﾝ","ﾔﾄﾐｼ"
"23","232360","愛知県","みよし市","ｱｲﾁｹﾝ","ﾐﾖｼｼ"
"23","232378","愛知県","あま市","ｱｲﾁｹﾝ","ｱﾏｼ"
"23","232386","愛知県","長久手市","ｱｲﾁｹﾝ","ﾅｶﾞｸﾃｼ"
"23","233021","愛知県","東郷町","ｱｲﾁｹﾝ","ﾄｳｺﾞｳﾁｮｳ"
"23","233421","愛知県","豊山町","ｱｲﾁｹﾝ","ﾄﾖﾔﾏﾁｮｳ"
"23","233617","愛知県","大口町","ｱｲﾁｹﾝ","ｵｵｸﾞﾁﾁｮｳ"
"23","233625","愛知県","扶桑町","ｱｲﾁｹﾝ","ﾌｿｳﾁｮｳ"
"23","234249","愛知県","大治町","ｱｲﾁｹﾝ","ｵｵﾊﾙﾁｮｳ"
"23","234257","愛知県","蟹江町","ｱｲﾁｹﾝ","ｶﾆｴﾁｮｳ"
"23","234273","愛知県","飛島村","ｱｲﾁｹﾝ","ﾄﾋﾞｼﾏﾑﾗ"
"23","234419","愛知県","阿久比町","ｱｲﾁｹﾝ","ｱｸﾞｲﾁｮｳ"
"23","234427","愛知県","東浦町","ｱｲﾁｹﾝ","ﾋｶﾞｼｳﾗﾁｮｳ"
"23","234451","愛知県","南知多町","ｱｲﾁｹﾝ","ﾐﾅﾐﾁﾀﾁｮｳ"
"23","234460","愛知県","美浜町","ｱｲﾁｹﾝ","ﾐﾊﾏﾁｮｳ"
"23","234478","愛知県","武豊町","ｱｲﾁｹﾝ","ﾀｹﾄﾖﾁｮｳ"
"23","235016","愛知県","幸田町","ｱｲﾁｹﾝ","ｺｳﾀﾁｮｳ"
"23","235610","愛知県","設楽町","ｱｲﾁｹﾝ","ｼﾀﾗﾁｮｳ"
"23","235628","愛知県","東栄町","ｱｲﾁｹﾝ","ﾄｳｴｲﾁｮｳ"
"23","235636","愛知県","豊根村","ｱｲﾁｹﾝ","ﾄﾖﾈﾑﾗ"
"24","240001","三重県","","ﾐｴｹﾝ",""
"24","242012","三重県","津市","ﾐｴｹﾝ","ﾂｼ"
"24","242021","三重県","四日市市","ﾐｴｹﾝ","ﾖｯｶｲﾁｼ"
"24","242039","三重県","伊勢市","ﾐｴｹﾝ","ｲｾｼ"
"24","242047","三重県","松阪市","ﾐｴｹﾝ","ﾏﾂｻｶｼ"
"24","242055","三重県","桑名市","ﾐｴｹﾝ","ｸﾜﾅｼ"
"24","242071","三重県","鈴鹿市","ﾐｴｹﾝ","ｽｽﾞｶｼ"
"24","242080","三重県","名張市","ﾐｴｹﾝ","ﾅﾊﾞﾘｼ"
"24","242098","三重県","尾鷲市","ﾐｴｹﾝ","ｵﾜｾｼ"
"24","242101","三重県","亀山市","ﾐｴｹﾝ","ｶﾒﾔﾏｼ"
"24","242110","三重県","鳥羽市","ﾐｴｹﾝ","ﾄﾊﾞｼ"
"24","242128","三重県","熊野市","ﾐｴｹﾝ","ｸﾏﾉｼ"
"24","242144","三重県","いなべ市","ﾐｴｹﾝ","ｲﾅﾍﾞｼ"
"24","242152","三重県","志摩市","ﾐｴｹﾝ","ｼﾏｼ"
"24","242161","三重県","伊賀市","ﾐｴｹﾝ","ｲｶﾞｼ"
"24","243035","三重県","木曽岬町","ﾐｴｹﾝ","ｷｿｻｷﾁｮｳ"
"24","243248","三重県","東員町","ﾐｴｹﾝ","ﾄｳｲﾝﾁｮｳ"
"24","243418","三重県","菰野町","ﾐｴｹﾝ","ｺﾓﾉﾁｮｳ"
"24","243434","三重県","朝日町","ﾐｴｹﾝ","ｱｻﾋﾁｮｳ"
"24","243442","三重県","川越町","ﾐｴｹﾝ","ｶﾜｺﾞｴﾁｮｳ"
"24","244414","三重県","多気町","ﾐｴｹﾝ","ﾀｷﾁｮｳ"
"24","244422","三重県","明和町","ﾐｴｹﾝ","ﾒｲﾜﾁｮｳ"
"24","244431","三重県","大台町","ﾐｴｹﾝ","ｵｵﾀﾞｲﾁｮｳ"
"24","244619","三重県","玉城町","ﾐｴｹﾝ","ﾀﾏｷﾁｮｳ"
"24","244708","三重県","度会町","ﾐｴｹﾝ","ﾜﾀﾗｲﾁｮｳ"
"24","244716","三重県","大紀町","ﾐｴｹﾝ","ﾀｲｷﾁｮｳ"
"24","244724","三重県","南伊勢町","ﾐｴｹﾝ","ﾐﾅﾐｲｾﾁｮｳ"
"24","245437","三重県","紀北町","ﾐｴｹﾝ","ｷﾎｸﾁｮｳ"
"24","245615","三重県","御浜町","ﾐｴｹﾝ","ﾐﾊﾏﾁｮｳ"
"24","245623","三重県","紀宝町","ﾐｴｹﾝ","ｷﾎｳﾁｮｳ"
"25","250007","滋賀県","","ｼｶﾞｹﾝ",""
"25","252018","滋賀県","大津市","ｼｶﾞｹﾝ","ｵｵﾂｼ"
"25","252026","滋賀県","彦根市","ｼｶﾞｹﾝ","ﾋｺﾈｼ"
"25","252034","滋賀県","長浜市","ｼｶﾞｹﾝ","ﾅｶﾞﾊﾏｼ"
"25","252042","滋賀県","近江八幡市","ｼｶﾞｹﾝ","ｵｳﾐﾊﾁﾏﾝｼ"
"25","252069","滋賀県","草津市","ｼｶﾞｹﾝ","ｸｻﾂｼ"
"25","252077","滋賀県","守山市","ｼｶﾞｹﾝ","ﾓﾘﾔﾏｼ"
"25","252085","滋賀県","栗東市","ｼｶﾞｹﾝ","ﾘｯﾄｳｼ"
"25","252093","滋賀県","甲賀市","ｼｶﾞｹﾝ","ｺｳｶｼ"
"25","252107","滋賀県","野洲市","ｼｶﾞｹﾝ","ﾔｽｼ"
"25","252115","滋賀県","湖南市","ｼｶﾞｹﾝ","ｺﾅﾝｼ"
"25","252123","滋賀県","高島市","ｼｶﾞｹﾝ","ﾀｶｼﾏｼ"
"25","252131","滋賀県","東近江市","ｼｶﾞｹﾝ","ﾋｶﾞｼｵｳﾐｼ"
"25","252140","滋賀県","米原市","ｼｶﾞｹﾝ","ﾏｲﾊﾞﾗｼ"
"25","253839","滋賀県","日野町","ｼｶﾞｹﾝ","ﾋﾉﾁｮｳ"
"25","253847","滋賀県","竜王町","ｼｶﾞｹﾝ","ﾘﾕｳｵｳﾁｮｳ"
"25","254258","滋賀県","愛荘町","ｼｶﾞｹﾝ","ｱｲｼｮｳﾁｮｳ"
"25","254410","滋賀県","豊郷町","ｼｶﾞｹﾝ","ﾄﾖｻﾄﾁｮｳ"
"25","254428","滋賀県","甲良町","ｼｶﾞｹﾝ","ｺｳﾗﾁｮｳ"
"25","254436","滋賀県","多賀町","ｼｶﾞｹﾝ","ﾀｶﾞﾁｮｳ"
"26","260002","京都府","","ｷｮｳﾄﾌ",""
"26","261009","京都府","京都市","ｷｮｳﾄﾌ","ｷｮｳﾄｼ"
"26","261017","京都府","京都市北区","ｷｮｳﾄﾌ","ｷｮｳﾄｼｷﾀｸ"
"26","261025","京都府","京都市上京区","ｷｮｳﾄﾌ","ｷｮｳﾄｼｶﾐｷﾞｮｳｸ"
"26","261033","京都府","京都市左京区","ｷｮｳﾄﾌ","ｷｮｳﾄｼｻｷｮｳｸ"
"26","261041","京都府","京都市中京区","ｷｮｳﾄﾌ","ｷｮｳﾄｼﾅｶｷﾞｮｳｸ"
"26","261050","京都府","京都市東山区","ｷｮｳﾄﾌ","ｷｮｳﾄｼﾋｶﾞｼﾔﾏｸ"
"26","261068","京都府","京都市下京区","ｷｮｳﾄﾌ","ｷｮｳﾄｼｼﾓｷﾞｮｳｸ"
"26","261076","京都府","京都市南区","ｷｮｳﾄﾌ","ｷｮｳﾄｼﾐﾅﾐｸ"
"26","261084","京都府","京都市右京区","ｷｮｳﾄﾌ","ｷｮｳﾄｼｳｷｮｳｸ"
"26","261092","京都府","京都市伏見区","ｷｮｳﾄﾌ","ｷｮｳﾄｼﾌｼﾐｸ"
"26","261106","京都府","京都市山科区","ｷｮｳﾄﾌ","ｷｮｳﾄｼﾔﾏｼﾅｸ"
"26","261114","京都府","京都市西京区","ｷｮｳﾄﾌ","ｷｮｳﾄｼﾆｼｷｮｳｸ"
"26","262013","京都府","福知山市","ｷｮｳﾄﾌ","ﾌｸﾁﾔﾏｼ"
"26","262021","京都府","舞鶴市","ｷｮｳﾄﾌ","ﾏｲﾂﾞﾙｼ"
"26","262030","京都府","綾部市","ｷｮｳﾄﾌ","ｱﾔﾍﾞｼ"
"26","262048","京都府","宇治市","ｷｮｳﾄﾌ","ｳｼﾞｼ"
"26","262056","京都府","宮津市","ｷｮｳﾄﾌ","ﾐﾔﾂﾞｼ"
"26","262064","京都府","亀岡市","ｷｮｳﾄﾌ","ｶﾒｵｶｼ"
"26","262072","京都府","城陽市","ｷｮｳﾄﾌ","ｼﾞｮｳﾖｳｼ"
"26","262081","京都府","向日市","ｷｮｳﾄﾌ","ﾑｺｳｼ"
"26","262099","京都府","長岡京市","ｷｮｳﾄﾌ","ﾅｶﾞｵｶｷｮｳｼ"
"26","262102","京都府","八幡市","ｷｮｳﾄﾌ","ﾔﾜﾀｼ"
"26","262111","京都府","京田辺市","ｷｮｳﾄﾌ","ｷｮｳﾀﾅﾍﾞｼ"
"26","262129","京都府","京丹後市","ｷｮｳﾄﾌ","ｷｮｳﾀﾝｺﾞｼ"
"26","262137","京都府","南丹市","ｷｮｳﾄﾌ","ﾅﾝﾀﾝｼ"
"26","262145","京都府","木津川市","ｷｮｳﾄﾌ","ｷﾂﾞｶﾞﾜｼ"
"26","263036","京都府","大山崎町","ｷｮｳﾄﾌ","ｵｵﾔﾏｻﾞｷﾁｮｳ"
"26","263222","京都府","久御山町","ｷｮｳﾄﾌ","ｸﾐﾔﾏﾁｮｳ"
"26","263435","京都府","井手町","ｷｮｳﾄﾌ","ｲﾃﾞﾁｮｳ"
"26","263443","京都府","宇治田原町","ｷｮｳﾄﾌ","ｳｼﾞﾀﾜﾗﾁｮｳ"
"26","263648","京都府","笠置町","ｷｮｳﾄﾌ","ｶｻｷﾞﾁｮｳ"
"26","263656","京都府","和束町","ｷｮｳﾄﾌ","ﾜﾂﾞｶﾁｮｳ"
"26","263664","京都府","精華町","ｷｮｳﾄﾌ","ｾｲｶﾁｮｳ"
"26","263672","京都府","南山城村","ｷｮｳﾄﾌ","ﾐﾅﾐﾔﾏｼﾛﾑﾗ"
"26","264075","京都府","京丹波町","ｷｮｳﾄﾌ","ｷｮｳﾀﾝﾊﾞﾁｮｳ"
"26","264636","京都府","伊根町","ｷｮｳﾄﾌ","ｲﾈﾁｮｳ"
"26","264652","京都府","与謝野町","ｷｮｳﾄﾌ","ﾖｻﾉﾁｮｳ"
"27","270008","大阪府","","ｵｵｻｶﾌ",""
"27","271004","大阪府","大阪市","ｵｵｻｶﾌ","ｵｵｻｶｼ"
"27","271021","大阪府","大阪市都島区","ｵｵｻｶﾌ","ｵｵｻｶｼﾐﾔｺｼﾞﾏｸ"
"27","271039","大阪府","大阪市福島区","ｵｵｻｶﾌ","ｵｵｻｶｼﾌｸｼﾏｸ"
"27","271047","大阪府","大阪市此花区","ｵｵｻｶﾌ","ｵｵｻｶｼｺﾉﾊﾅｸ"
"27","271063","大阪府","大阪市西区","ｵｵｻｶﾌ","ｵｵｻｶｼﾆｼｸ"
"27","271071","大阪府","大阪市港区","ｵｵｻｶﾌ","ｵｵｻｶｼﾐﾅﾄｸ"
"27","271080","大阪府","大阪市大正区","ｵｵｻｶﾌ","ｵｵｻｶｼﾀｲｼｮｳｸ"
"27","271098","大阪府","大阪市天王寺区","ｵｵｻｶﾌ","ｵｵｻｶｼﾃﾝﾉｳｼﾞｸ"
"27","271110","大阪府","大阪市浪速区","ｵｵｻｶﾌ","ｵｵｻｶｼﾅﾆﾜｸ"
"27","271136","大阪府","大阪市西淀川区","ｵｵｻｶﾌ","ｵｵｻｶｼﾆｼﾖﾄﾞｶﾞﾜｸ"
"27","271144","大阪府","大阪市東淀川区","ｵｵｻｶﾌ","ｵｵｻｶｼﾋｶﾞｼﾖﾄﾞｶﾞﾜｸ"
"27","271152","大阪府","大阪市東成区","ｵｵｻｶﾌ","ｵｵｻｶｼﾋｶﾞｼﾅﾘｸ"
"27","271161","大阪府","大阪市生野区","ｵｵｻｶﾌ","ｵｵｻｶｼｲｸﾉｸ"
"27","271179","大阪府","大阪市旭区","ｵｵｻｶﾌ","ｵｵｻｶｼｱｻﾋｸ"
"27","271187","大阪府","大阪市城東区","ｵｵｻｶﾌ","ｵｵｻｶｼｼﾞｮｳﾄｳｸ"
"27","271195","大阪府","大阪市阿倍野区","ｵｵｻｶﾌ","ｵｵｻｶｼｱﾍﾞﾉｸ"
"27","271209","大阪府","大阪市住吉区","ｵｵｻｶﾌ","ｵｵｻｶｼｽﾐﾖｼｸ"
"27","271217","大阪府","大阪市東住吉区","ｵｵｻｶﾌ","ｵｵｻｶｼﾋｶﾞｼｽﾐﾖｼｸ"
"27","271225","大阪府","大阪市西成区","ｵｵｻｶﾌ","ｵｵｻｶｼﾆｼﾅﾘｸ"
"27","271233","大阪府","大阪市淀川区","ｵｵｻｶﾌ","ｵｵｻｶｼﾖﾄﾞｶﾞﾜｸ"
"27","271241","大阪府","大阪市鶴見区","ｵｵｻｶﾌ","ｵｵｻｶｼﾂﾙﾐｸ"
"27","271250","大阪府","大阪市住之江区","ｵｵｻｶﾌ","ｵｵｻｶｼｽﾐﾉｴｸ"
"27","271268","大阪府","大阪市平野区","ｵｵｻｶﾌ","ｵｵｻｶｼﾋﾗﾉｸ"
"27","271276","大阪府","大阪市北区","ｵｵｻｶﾌ","ｵｵｻｶｼｷﾀｸ"
"27","271284","大阪府","大阪市中央区","ｵｵｻｶﾌ","ｵｵｻｶｼﾁｭｳｵｳｸ"
"27","271403","大阪府","堺市","ｵｵｻｶﾌ","ｻｶｲｼ"
"27","271411","大阪府","堺市堺区","ｵｵｻｶﾌ","ｻｶｲｼｻｶｲｸ"
"27","271420","大阪府","堺市中区","ｵｵｻｶﾌ","ｻｶｲｼﾅｶｸ"
"27","271438","大阪府","堺市東区","ｵｵｻｶﾌ","ｻｶｲｼﾋｶﾞｼｸ"
"27","271446","大阪府","堺市西区","ｵｵｻｶﾌ","ｻｶｲｼﾆｼｸ"
"27","271454","大阪府","堺市南区","ｵｵｻｶﾌ","ｻｶｲｼﾐﾅﾐｸ"
"27","271462","大阪府","堺市北区","ｵｵｻｶﾌ","ｻｶｲｼｷﾀｸ"
"27","271471","大阪府","堺市美原区","ｵｵｻｶﾌ","ｻｶｲｼﾐﾊﾗｸ"
"27","272027","大阪府","岸和田市","ｵｵｻｶﾌ","ｷｼﾜﾀﾞｼ"
"27","272035","大阪府","豊中市","ｵｵｻｶﾌ","ﾄﾖﾅｶｼ"
"27","272043","大阪府","池田市","ｵｵｻｶﾌ","ｲｹﾀﾞｼ"
"27","272051","大阪府","吹田市","ｵｵｻｶﾌ","ｽｲﾀｼ"
"27","272060","大阪府","泉大津市","ｵｵｻｶﾌ","ｲｽﾞﾐｵｵﾂｼ"
"27","272078","大阪府","高槻市","ｵｵｻｶﾌ","ﾀｶﾂｷｼ"
"27","272086","大阪府","貝塚市","ｵｵｻｶﾌ","ｶｲﾂﾞｶｼ"
"27","272094","大阪府","守口市","ｵｵｻｶﾌ","ﾓﾘｸﾞﾁｼ"
"27","272108","大阪府","枚方市","ｵｵｻｶﾌ","ﾋﾗｶﾀｼ"
"27","272116","大阪府","茨木市","ｵｵｻｶﾌ","ｲﾊﾞﾗｷｼ"
"27","272124","大阪府","八尾市","ｵｵｻｶﾌ","ﾔｵｼ"
"27","272132","大阪府","泉佐野市","ｵｵｻｶﾌ","ｲｽﾞﾐｻﾉｼ"
"27","272141","大阪府","富田林市","ｵｵｻｶﾌ","ﾄﾝﾀﾞﾊﾞﾔｼｼ"
"27","272159","大阪府","寝屋川市","ｵｵｻｶﾌ","ﾈﾔｶﾞﾜｼ"
"27","272167","大阪府","河内長野市","ｵｵｻｶﾌ","ｶﾜﾁﾅｶﾞﾉｼ"
"27","272175","大阪府","松原市","ｵｵｻｶﾌ","ﾏﾂﾊﾞﾗｼ"
"27","272183","大阪府","大東市","ｵｵｻｶﾌ","ﾀﾞｲﾄｳｼ"
"27","272191","大阪府","和泉市","ｵｵｻｶﾌ","ｲｽﾞﾐｼ"
"27","272205","大阪府","箕面市","ｵｵｻｶﾌ","ﾐﾉｵｼ"
"27","272213","大阪府","柏原市","ｵｵｻｶﾌ","ｶｼﾜﾗｼ"
"27","272221","大阪府","羽曳野市","ｵｵｻｶﾌ","ﾊﾋﾞｷﾉｼ"
"27","272230","大阪府","門真市","ｵｵｻｶﾌ","ｶﾄﾞﾏｼ"
"27","272248","大阪府","摂津市","ｵｵｻｶﾌ","ｾｯﾂｼ"
"27","272256","大阪府","高石市","ｵｵｻｶﾌ","ﾀｶｲｼｼ"
"27","272264","大阪府","藤井寺市","ｵｵｻｶﾌ","ﾌｼﾞｲﾃﾞﾗｼ"
"27","272272","大阪府","東大阪市","ｵｵｻｶﾌ","ﾋｶﾞｼｵｵｻｶｼ"
"27","272281","大阪府","泉南市","ｵｵｻｶﾌ","ｾﾝﾅﾝｼ"
"27","272299","大阪府","四條畷市","ｵｵｻｶﾌ","ｼｼﾞﾖｳﾅﾜﾃｼ"
"27","272302","大阪府","交野市","ｵｵｻｶﾌ","ｶﾀﾉｼ"
"27","272311","大阪府","大阪狭山市","ｵｵｻｶﾌ","ｵｵｻｶｻﾔﾏｼ"
"27","272329","大阪府","阪南市","ｵｵｻｶﾌ","ﾊﾝﾅﾝｼ"
"27","273015","大阪府","島本町","ｵｵｻｶﾌ","ｼﾏﾓﾄﾁｮｳ"
"27","273210","大阪府","豊能町","ｵｵｻｶﾌ","ﾄﾖﾉﾁｮｳ"
"27","273228","大阪府","能勢町","ｵｵｻｶﾌ","ﾉｾﾁｮｳ"
"27","273414","大阪府","忠岡町","ｵｵｻｶﾌ","ﾀﾀﾞｵｶﾁｮｳ"
"27","273619","大阪府","熊取町","ｵｵｻｶﾌ","ｸﾏﾄﾘﾁｮｳ"
"27","273627","大阪府","田尻町","ｵｵｻｶﾌ","ﾀｼﾞﾘﾁｮｳ"
"27","273660","大阪府","岬町","ｵｵｻｶﾌ","ﾐｻｷﾁｮｳ"
"27","273813","大阪府","太子町","ｵｵｻｶﾌ","ﾀｲｼﾁｮｳ"
"27","273821","大阪府","河南町","ｵｵｻｶﾌ","ｶﾅﾝﾁｮｳ"
"27","273830","大阪府","千早赤阪村","ｵｵｻｶﾌ","ﾁﾊﾔｱｶｻｶﾑﾗ"
"28","280003","兵庫県","","ﾋｮｳｺﾞｹﾝ",""
"28","281000","兵庫県","神戸市","ﾋｮｳｺﾞｹﾝ","ｺｳﾍﾞｼ"
"28","281018","兵庫県","神戸市東灘区","ﾋｮｳｺﾞｹﾝ","ｺｳﾍﾞｼﾋｶﾞｼﾅﾀﾞｸ"
"28","281026","兵庫県","神戸市灘区","ﾋｮｳｺﾞｹﾝ","ｺｳﾍﾞｼﾅﾀﾞｸ"
"28","281051","兵庫県","神戸市兵庫区","ﾋｮｳｺﾞｹﾝ","ｺｳﾍﾞｼﾋｮｳｺﾞｸ"
"28","281069","兵庫県","神戸市長田区","ﾋｮｳｺﾞｹﾝ","ｺｳﾍﾞｼﾅｶﾞﾀｸ"
"28","281077","兵庫県","神戸市須磨区","ﾋｮｳｺﾞｹﾝ","ｺｳﾍﾞｼｽﾏｸ"
"28","281085","兵庫県","神戸市垂水区","ﾋｮｳｺﾞｹﾝ","ｺｳﾍﾞｼﾀﾙﾐｸ"
"28","281093","兵庫県","神戸市北区","ﾋｮｳｺﾞｹﾝ","ｺｳﾍﾞｼｷﾀｸ"
"28","281107","兵庫県","神戸市中央区","ﾋｮｳｺﾞｹﾝ","ｺｳﾍﾞｼﾁｭｳｵｳｸ"
"28","281115","兵庫県","神戸市西区","ﾋｮｳｺﾞｹﾝ","ｺｳﾍﾞｼﾆｼｸ"
"28","282014","兵庫県","姫路市","ﾋｮｳｺﾞｹﾝ","ﾋﾒｼﾞｼ"
"28","282022","兵庫県","尼崎市","ﾋｮｳｺﾞｹﾝ","ｱﾏｶﾞｻｷｼ"
"28","282031","兵庫県","明石市","ﾋｮｳｺﾞｹﾝ","ｱｶｼｼ"
"28","282049","兵庫県","西宮市","ﾋｮｳｺﾞｹﾝ","ﾆｼﾉﾐﾔｼ"
"28","282057","兵庫県","洲本市","ﾋｮｳｺﾞｹﾝ","ｽﾓﾄｼ"
"28","282065","兵庫県","芦屋市","ﾋｮｳｺﾞｹﾝ","ｱｼﾔｼ"
"28","282073","兵庫県","伊丹市","ﾋｮｳｺﾞｹﾝ","ｲﾀﾐｼ"
"28","282081","兵庫県","相生市","ﾋｮｳｺﾞｹﾝ","ｱｲｵｲｼ"
"28","282090","兵庫県","豊岡市","ﾋｮｳｺﾞｹﾝ","ﾄﾖｵｶｼ"
"28","282103","兵庫県","加古川市","ﾋｮｳｺﾞｹﾝ","ｶｺｶﾞﾜｼ"
"28","282120","兵庫県","赤穂市","ﾋｮｳｺﾞｹﾝ","ｱｺｳｼ"
"28","282138","兵庫県","西脇市","ﾋｮｳｺﾞｹﾝ","ﾆｼﾜｷｼ"
"28","282146","兵庫県","宝塚市","ﾋｮｳｺﾞｹﾝ","ﾀｶﾗﾂﾞｶｼ"
"28","282154","兵庫県","三木市","ﾋｮｳｺﾞｹﾝ","ﾐｷｼ"
"28","282162","兵庫県","高砂市","ﾋｮｳｺﾞｹﾝ","ﾀｶｻｺﾞｼ"
"28","282171","兵庫県","川西市","ﾋｮｳｺﾞｹﾝ","ｶﾜﾆｼｼ"
"28","282189","兵庫県","小野市","ﾋｮｳｺﾞｹﾝ","ｵﾉｼ"
"28","282197","兵庫県","三田市","ﾋｮｳｺﾞｹﾝ","ｻﾝﾀﾞｼ"
"28","282201","兵庫県","加西市","ﾋｮｳｺﾞｹﾝ","ｶｻｲｼ"
"28","282219","兵庫県","丹波篠山市","ﾋｮｳｺﾞｹﾝ","ﾀﾝﾊﾞｻｻﾔﾏｼ"
"28","282227","兵庫県","養父市","ﾋｮｳｺﾞｹﾝ","ﾔﾌﾞｼ"
"28","282235","兵庫県","丹波市","ﾋｮｳｺﾞｹﾝ","ﾀﾝﾊﾞｼ"
"28","282243","兵庫県","南あわじ市","ﾋｮｳｺﾞｹﾝ","ﾐﾅﾐｱﾜｼﾞｼ"
"28","282251","兵庫県","朝来市","ﾋｮｳｺﾞｹﾝ","ｱｻｺﾞｼ"
"28","282260","兵庫県","淡路市","ﾋｮｳｺﾞｹﾝ","ｱﾜｼﾞｼ"
"28","282278","兵庫県","宍粟市","ﾋｮｳｺﾞｹﾝ","ｼｿｳｼ"
"28","282286","兵庫県","加東市","ﾋｮｳｺﾞｹﾝ","ｶﾄｳｼ"
"28","282294","兵庫県","たつの市","ﾋｮｳｺﾞｹﾝ","ﾀﾂﾉｼ"
"28","283011","兵庫県","猪名川町","ﾋｮｳｺﾞｹﾝ","ｲﾅｶﾞﾜﾁｮｳ"
"28","283657","兵庫県","多可町","ﾋｮｳｺﾞｹﾝ","ﾀｶﾁｮｳ"
"28","283819","兵庫県","稲美町","ﾋｮｳｺﾞｹﾝ","ｲﾅﾐﾁｮｳ"
"28","283827","兵庫県","播磨町","ﾋｮｳｺﾞｹﾝ","ﾊﾘﾏﾁｮｳ"
"28","284424","兵庫県","市川町","ﾋｮｳｺﾞｹﾝ","ｲﾁｶﾜﾁｮｳ"
"28","284432","兵庫県","福崎町","ﾋｮｳｺﾞｹﾝ","ﾌｸｻｷﾁｮｳ"
"28","284467","兵庫県","神河町","ﾋｮｳｺﾞｹﾝ","ｶﾐｶﾜﾁｮｳ"
"28","284645","兵庫県","太子町","ﾋｮｳｺﾞｹﾝ","ﾀｲｼﾁｮｳ"
"28","284815","兵庫県","上郡町","ﾋｮｳｺﾞｹﾝ","ｶﾐｺﾞｵﾘﾁｮｳ"
"28","285013","兵庫県","佐用町","ﾋｮｳｺﾞｹﾝ","ｻﾖｳﾁｮｳ"
"28","285854","兵庫県","香美町","ﾋｮｳｺﾞｹﾝ","ｶﾐﾁｮｳ"
"28","285862","兵庫県","新温泉町","ﾋｮｳｺﾞｹﾝ","ｼﾝｵﾝｾﾝﾁｮｳ"
"29","290009","奈良県","","ﾅﾗｹﾝ",""
"29","292010","奈良県","奈良市","ﾅﾗｹﾝ","ﾅﾗｼ"
"29","292028","奈良県","大和高田市","ﾅﾗｹﾝ","ﾔﾏﾄﾀｶﾀﾞｼ"
"29","292036","奈良県","大和郡山市","ﾅﾗｹﾝ","ﾔﾏﾄｺｵﾘﾔﾏｼ"
"29","292044","奈良県","天理市","ﾅﾗｹﾝ","ﾃﾝﾘｼ"
"29","292052","奈良県","橿原市","ﾅﾗｹﾝ","ｶｼﾊﾗｼ"
"29","292061","奈良県","桜井市","ﾅﾗｹﾝ","ｻｸﾗｲｼ"
"29","292079","奈良県","五條市","ﾅﾗｹﾝ","ｺﾞｼﾞｮｳｼ"
"29","292087","奈良県","御所市","ﾅﾗｹﾝ","ｺﾞｾｼ"
"29","292095","奈良県","生駒市","ﾅﾗｹﾝ","ｲｺﾏｼ"
"29","292109","奈良県","香芝市","ﾅﾗｹﾝ","ｶｼﾊﾞｼ"
"29","292117","奈良県","葛城市","ﾅﾗｹﾝ","ｶﾂﾗｷﾞｼ"
"29","292125","奈良県","宇陀市","ﾅﾗｹﾝ","ｳﾀﾞｼ"
"29","293229","奈良県","山添村","ﾅﾗｹﾝ","ﾔﾏｿﾞｴﾑﾗ"
"29","293423","奈良県","平群町","ﾅﾗｹﾝ","ﾍｸﾞﾘﾁｮｳ"
"29","293431","奈良県","三郷町","ﾅﾗｹﾝ","ｻﾝｺﾞｳﾁｮｳ"
"29","293440","奈良県","斑鳩町","ﾅﾗｹﾝ","ｲｶﾙｶﾞﾁｮｳ"
"29","293458","奈良県","安堵町","ﾅﾗｹﾝ","ｱﾝﾄﾞﾁｮｳ"
"29","293610","奈良県","川西町","ﾅﾗｹﾝ","ｶﾜﾆｼﾁｮｳ"
"29","293628","奈良県","三宅町","ﾅﾗｹﾝ","ﾐﾔｹﾁｮｳ"
"29","293636","奈良県","田原本町","ﾅﾗｹﾝ","ﾀﾜﾗﾓﾄﾁｮｳ"
"29","293857","奈良県","曽爾村","ﾅﾗｹﾝ","ｿﾆﾑﾗ"
"29","293865","奈良県","御杖村","ﾅﾗｹﾝ","ﾐﾂｴﾑﾗ"
"29","294012","奈良県","高取町","ﾅﾗｹﾝ","ﾀｶﾄﾘﾁｮｳ"
"29","294021","奈良県","明日香村","ﾅﾗｹﾝ","ｱｽｶﾑﾗ"
"29","294241","奈良県","上牧町","ﾅﾗｹﾝ","ｶﾝﾏｷﾁｮｳ"
"29","294250","奈良県","王寺町","ﾅﾗｹﾝ","ｵｳｼﾞﾁｮｳ"
"29","294268","奈良県","広陵町","ﾅﾗｹﾝ","ｺｳﾘﾖｳﾁｮｳ"
"29","294276","奈良県","河合町","ﾅﾗｹﾝ","ｶﾜｲﾁｮｳ"
"29","294411","奈良県","吉野町","ﾅﾗｹﾝ","ﾖｼﾉﾁｮｳ"
"29","294420","奈良県","大淀町","ﾅﾗｹﾝ","ｵｵﾖﾄﾞﾁｮｳ"
"29","294438","奈良県","下市町","ﾅﾗｹﾝ","ｼﾓｲﾁﾁｮｳ"
"29","294446","奈良県","黒滝村","ﾅﾗｹﾝ","ｸﾛﾀｷﾑﾗ"
"29","294462","奈良県","天川村","ﾅﾗｹﾝ","ﾃﾝｶﾜﾑﾗ"
"29","294471","奈良県","野迫川村","ﾅﾗｹﾝ","ﾉｾｶﾞﾜﾑﾗ"
"29","294497","奈良県","十津川村","ﾅﾗｹﾝ","ﾄﾂｶﾜﾑﾗ"
"29","294501","奈良県","下北山村","ﾅﾗｹﾝ","ｼﾓｷﾀﾔﾏﾑﾗ"
"29","294519","奈良県","上北山村","ﾅﾗｹﾝ","ｶﾐｷﾀﾔﾏﾑﾗ"
"29","294527","奈良県","川上村","ﾅﾗｹﾝ","ｶﾜｶﾐﾑﾗ"
"29","294535","奈良県","東吉野村","ﾅﾗｹﾝ","ﾋｶﾞｼﾖｼﾉﾑﾗ"
"30","300004","和歌山県","","ﾜｶﾔﾏｹﾝ",""
"30","302015","和歌山県","和歌山市","ﾜｶﾔﾏｹﾝ","ﾜｶﾔﾏｼ"
"30","302023","和歌山県","海南市","ﾜｶﾔﾏｹﾝ","ｶｲﾅﾝｼ"
"30","302031","和歌山県","橋本市","ﾜｶﾔﾏｹﾝ","ﾊｼﾓﾄｼ"
"30","302040","和歌山県","有田市","ﾜｶﾔﾏｹﾝ","ｱﾘﾀﾞｼ"
"30","302058","和歌山県","御坊市","ﾜｶﾔﾏｹﾝ","ｺﾞﾎﾞｳｼ"
"30","302066","和歌山県","田辺市","ﾜｶﾔﾏｹﾝ","ﾀﾅﾍﾞｼ"
"30","302074","和歌山県","新宮市","ﾜｶﾔﾏｹﾝ","ｼﾝｸﾞｳｼ"
"30","302082","和歌山県","紀の川市","ﾜｶﾔﾏｹﾝ","ｷﾉｶﾜｼ"
"30","302091","和歌山県","岩出市","ﾜｶﾔﾏｹﾝ","ｲﾜﾃﾞｼ"
"30","303046","和歌山県","紀美野町","ﾜｶﾔﾏｹﾝ","ｷﾐﾉﾁｮｳ"
"30","303411","和歌山県","かつらぎ町","ﾜｶﾔﾏｹﾝ","ｶﾂﾗｷﾞﾁｮｳ"
"30","303437","和歌山県","九度山町","ﾜｶﾔﾏｹﾝ","ｸﾄﾞﾔﾏﾁｮｳ"
"30","303445","和歌山県","高野町","ﾜｶﾔﾏｹﾝ","ｺｳﾔﾁｮｳ"
"30","303615","和歌山県","湯浅町","ﾜｶﾔﾏｹﾝ","ﾕｱｻﾁｮｳ"
"30","303623","和歌山県","広川町","ﾜｶﾔﾏｹﾝ","ﾋﾛｶﾞﾜﾁｮｳ"
"30","303666","和歌山県","有田川町","ﾜｶﾔﾏｹﾝ","ｱﾘﾀﾞｶﾞﾜﾁｮｳ"
"30","303810","和歌山県","美浜町","ﾜｶﾔﾏｹﾝ","ﾐﾊﾏﾁｮｳ"
"30","303828","和歌山県","日高町","ﾜｶﾔﾏｹﾝ","ﾋﾀﾞｶﾁｮｳ"
"30","303836","和歌山県","由良町","ﾜｶﾔﾏｹﾝ","ﾕﾗﾁｮｳ"
"30","303909","和歌山県","印南町","ﾜｶﾔﾏｹﾝ","ｲﾅﾐﾁｮｳ"
"30","303917","和歌山県","みなべ町","ﾜｶﾔﾏｹﾝ","ﾐﾅﾍﾞﾁｮｳ"
"30","303925","和歌山県","日高川町","ﾜｶﾔﾏｹﾝ","ﾋﾀﾞｶｶﾞﾜﾁｮｳ"
"30","304018","和歌山県","白浜町","ﾜｶﾔﾏｹﾝ","ｼﾗﾊﾏﾁｮｳ"
"30","304042","和歌山県","上富田町","ﾜｶﾔﾏｹﾝ","ｶﾐﾄﾝﾀﾞﾁｮｳ"
"30","304069","和歌山県","すさみ町","ﾜｶﾔﾏｹﾝ","ｽｻﾐﾁｮｳ"
"30","304212","和歌山県","那智勝浦町","ﾜｶﾔﾏｹﾝ","ﾅﾁｶﾂｳﾗﾁｮｳ"
"30","304221","和歌山県","太地町","ﾜｶﾔﾏｹﾝ","ﾀｲｼﾞﾁｮｳ"
"30","304247","和歌山県","古座川町","ﾜｶﾔﾏｹﾝ","ｺｻﾞｶﾞﾜﾁｮｳ"
"30","304271","和歌山県","北山村","ﾜｶﾔﾏｹﾝ","ｷﾀﾔﾏﾑﾗ"
"30","304280","和歌山県","串本町","ﾜｶﾔﾏｹﾝ","ｸｼﾓﾄﾁｮｳ"
"31","310000","鳥取県","","ﾄｯﾄﾘｹﾝ",""
"31","312011","鳥取県","鳥取市","ﾄｯﾄﾘｹﾝ","ﾄｯﾄﾘｼ"
"31","312029","鳥取県","米子市","ﾄｯﾄﾘｹﾝ","ﾖﾅｺﾞｼ"
"31","312037","鳥取県","倉吉市","ﾄｯﾄﾘｹﾝ","ｸﾗﾖｼｼ"
"31","312045","鳥取県","境港市","ﾄｯﾄﾘｹﾝ","ｻｶｲﾐﾅﾄｼ"
"31","313025","鳥取県","岩美町","ﾄｯﾄﾘｹﾝ","ｲﾜﾐﾁｮｳ"
"31","313254","鳥取県","若桜町","ﾄｯﾄﾘｹﾝ","ﾜｶｻﾁｮｳ"
"31","313289","鳥取県","智頭町","ﾄｯﾄﾘｹﾝ","ﾁﾂﾞﾁｮｳ"
"31","313297","鳥取県","八頭町","ﾄｯﾄﾘｹﾝ","ﾔｽﾞﾁｮｳ"
"31","313645","鳥取県","三朝町","ﾄｯﾄﾘｹﾝ","ﾐｻｻﾁｮｳ"
"31","313700","鳥取県","湯梨浜町","ﾄｯﾄﾘｹﾝ","ﾕﾘﾊﾏﾁｮｳ"
"31","313718","鳥取県","琴浦町","ﾄｯﾄﾘｹﾝ","ｺﾄｳﾗﾁｮｳ"
"31","313726","鳥取県","北栄町","ﾄｯﾄﾘｹﾝ","ﾎｸｴｲﾁｮｳ"
"31","313840","鳥取県","日吉津村","ﾄｯﾄﾘｹﾝ","ﾋｴﾂﾞｿﾝ"
"31","313866","鳥取県","大山町","ﾄｯﾄﾘｹﾝ","ﾀﾞｲｾﾝﾁｮｳ"
"31","313891","鳥取県","南部町","ﾄｯﾄﾘｹﾝ","ﾅﾝﾌﾞﾁｮｳ"
"31","313904","鳥取県","伯耆町","ﾄｯﾄﾘｹﾝ","ﾎｳｷﾁｮｳ"
"31","314013","鳥取県","日南町","ﾄｯﾄﾘｹﾝ","ﾆﾁﾅﾝﾁｮｳ"
"31","314021","鳥取県","日野町","ﾄｯﾄﾘｹﾝ","ﾋﾉﾁｮｳ"
"31","314030","鳥取県","江府町","ﾄｯﾄﾘｹﾝ","ｺｳﾌﾁｮｳ"
"32","320005","島根県","","ｼﾏﾈｹﾝ",""
"32","322016","島根県","松江市","ｼﾏﾈｹﾝ","ﾏﾂｴｼ"
"32","322024","島根県","浜田市","ｼﾏﾈｹﾝ","ﾊﾏﾀﾞｼ"
"32","322032","島根県","出雲市","ｼﾏﾈｹﾝ","ｲｽﾞﾓｼ"
"32","322041","島根県","益田市","ｼﾏﾈｹﾝ","ﾏｽﾀﾞｼ"
"32","322059","島根県","大田市","ｼﾏﾈｹﾝ","ｵｵﾀﾞｼ"
"32","322067","島根県","安来市","ｼﾏﾈｹﾝ","ﾔｽｷﾞｼ"
"32","322075","島根県","江津市","ｼﾏﾈｹﾝ","ｺﾞｳﾂｼ"
"32","322091","島根県","雲南市","ｼﾏﾈｹﾝ","ｳﾝﾅﾝｼ"
"32","323438","島根県","奥出雲町","ｼﾏﾈｹﾝ","ｵｸｲｽﾞﾓﾁｮｳ"
"32","323861","島根県","飯南町","ｼﾏﾈｹﾝ","ｲｲﾅﾝﾁｮｳ"
"32","324418","島根県","川本町","ｼﾏﾈｹﾝ","ｶﾜﾓﾄﾏﾁ"
"32","324485","島根県","美郷町","ｼﾏﾈｹﾝ","ﾐｻﾄﾁｮｳ"
"32","324493","島根県","邑南町","ｼﾏﾈｹﾝ","ｵｵﾅﾝﾁｮｳ"
"32","325015","島根県","津和野町","ｼﾏﾈｹﾝ","ﾂﾜﾉﾁｮｳ"
"32","325058","島根県","吉賀町","ｼﾏﾈｹﾝ","ﾖｼｶﾁｮｳ"
"32","325252","島根県","海士町","ｼﾏﾈｹﾝ","ｱﾏﾁｮｳ"
"32","325261","島根県","西ノ島町","ｼﾏﾈｹﾝ","ﾆｼﾉｼﾏﾁｮｳ"
"32","325279","島根県","知夫村","ｼﾏﾈｹﾝ","ﾁﾌﾞﾑﾗ"
"32","325287","島根県","隠岐の島町","ｼﾏﾈｹﾝ","ｵｷﾉｼﾏﾁｮｳ"
"33","330001","岡山県","","ｵｶﾔﾏｹﾝ",""
"33","331007","岡山県","岡山市","ｵｶﾔﾏｹﾝ","ｵｶﾔﾏｼ"
"33","331015","岡山県","岡山市北区","ｵｶﾔﾏｹﾝ","ｵｶﾔﾏｼｷﾀｸ"
"33","331023","岡山県","岡山市中区","ｵｶﾔﾏｹﾝ","ｵｶﾔﾏｼﾅｶｸ"
"33","331031","岡山県","岡山市東区","ｵｶﾔﾏｹﾝ","ｵｶﾔﾏｼﾋｶﾞｼｸ"
"33","331040","岡山県","岡山市南区","ｵｶﾔﾏｹﾝ","ｵｶﾔﾏｼﾐﾅﾐｸ"
"33","332020","岡山県","倉敷市","ｵｶﾔﾏｹﾝ","ｸﾗｼｷｼ"
"33","332038","岡山県","津山市","ｵｶﾔﾏｹﾝ","ﾂﾔﾏｼ"
"33","332046","岡山県","玉野市","ｵｶﾔﾏｹﾝ","ﾀﾏﾉｼ"
"33","332054","岡山県","笠岡市","ｵｶﾔﾏｹﾝ","ｶｻｵｶｼ"
"33","332071","岡山県","井原市","ｵｶﾔﾏｹﾝ","ｲﾊﾞﾗｼ"
"33","332089","岡山県","総社市","ｵｶﾔﾏｹﾝ","ｿｳｼﾞﾔｼ"
"33","332097","岡山県","高梁市","ｵｶﾔﾏｹﾝ","ﾀｶﾊｼｼ"
"33","332101","岡山県","新見市","ｵｶﾔﾏｹﾝ","ﾆｲﾐｼ"
"33","332119","岡山県","備前市","ｵｶﾔﾏｹﾝ","ﾋﾞｾﾞﾝｼ"
"33","332127","岡山県","瀬戸内市","ｵｶﾔﾏｹﾝ","ｾﾄｳﾁｼ"
"33","332135","岡山県","赤磐市","ｵｶﾔﾏｹﾝ","ｱｶｲﾜｼ"
"33","332143","岡山県","真庭市","ｵｶﾔﾏｹﾝ","ﾏﾆﾜｼ"
"33","332151","岡山県","美作市","ｵｶﾔﾏｹﾝ","ﾐﾏｻｶｼ"
"33","332160","岡山県","浅口市","ｵｶﾔﾏｹﾝ","ｱｻｸﾁｼ"
"33","333468","岡山県","和気町","ｵｶﾔﾏｹﾝ","ﾜｹﾁｮｳ"
"33","334235","岡山県","早島町","ｵｶﾔﾏｹﾝ","ﾊﾔｼﾏﾁｮｳ"
"33","334456","岡山県","里庄町","ｵｶﾔﾏｹﾝ","ｻﾄｼｮｳﾁｮｳ"
"33","334618","岡山県","矢掛町","ｵｶﾔﾏｹﾝ","ﾔｶｹﾞﾁｮｳ"
"33","335860","岡山県","新庄村","ｵｶﾔﾏｹﾝ","ｼﾝｼﾞﾖｳｿﾝ"
"33","336068","岡山県","鏡野町","ｵｶﾔﾏｹﾝ","ｶｶﾞﾐﾉﾁｮｳ"
"33","336220","岡山県","勝央町","ｵｶﾔﾏｹﾝ","ｼｮｳｵｳﾁｮｳ"
"33","336238","岡山県","奈義町","ｵｶﾔﾏｹﾝ","ﾅｷﾞﾁｮｳ"
"33","336432","岡山県","西粟倉村","ｵｶﾔﾏｹﾝ","ﾆｼｱﾜｸﾗｿﾝ"
"33","336637","岡山県","久米南町","ｵｶﾔﾏｹﾝ","ｸﾒﾅﾝﾁｮｳ"
"33","336661","岡山県","美咲町","ｵｶﾔﾏｹﾝ","ﾐｻｷﾁｮｳ"
"33","336815","岡山県","吉備中央町","ｵｶﾔﾏｹﾝ","ｷﾋﾞﾁｭｳｵｳﾁｮｳ"
"34","340006","広島県","","ﾋﾛｼﾏｹﾝ",""
"34","341002","広島県","広島市","ﾋﾛｼﾏｹﾝ","ﾋﾛｼﾏｼ"
"34","341011","広島県","広島市中区","ﾋﾛｼﾏｹﾝ","ﾋﾛｼﾏｼﾅｶｸ"
"34","341029","広島県","広島市東区","ﾋﾛｼﾏｹﾝ","ﾋﾛｼﾏｼﾋｶﾞｼｸ"
"34","341037","広島県","広島市南区","ﾋﾛｼﾏｹﾝ","ﾋﾛｼﾏｼﾐﾅﾐｸ"
"34","341045","広島県","広島市西区","ﾋﾛｼﾏｹﾝ","ﾋﾛｼﾏｼﾆｼｸ"
"34","341053","広島県","広島市安佐南区","ﾋﾛｼﾏｹﾝ","ﾋﾛｼﾏｼｱｻﾐﾅﾐｸ"
"34","341061","広島県","広島市安佐北区","ﾋﾛｼﾏｹﾝ","ﾋﾛｼﾏｼｱｻｷﾀｸ"
"34","341070","広島県","広島市安芸区","ﾋﾛｼﾏｹﾝ","ﾋﾛｼﾏｼｱｷｸ"
"34","341088","広島県","広島市佐伯区","ﾋﾛｼﾏｹﾝ","ﾋﾛｼﾏｼｻｴｷｸ"
"34","342025","広島県","呉市","ﾋﾛｼﾏｹﾝ","ｸﾚｼ"
"34","342033","広島県","竹原市","ﾋﾛｼﾏｹﾝ","ﾀｹﾊﾗｼ"
"34","342041","広島県","三原市","ﾋﾛｼﾏｹﾝ","ﾐﾊﾗｼ"
"34","342050","広島県","尾道市","ﾋﾛｼﾏｹﾝ","ｵﾉﾐﾁｼ"
"34","342076","広島県","福山市","ﾋﾛｼﾏｹﾝ","ﾌｸﾔﾏｼ"
"34","342084","広島県","府中市","ﾋﾛｼﾏｹﾝ","ﾌﾁｭｳｼ"
"34","342092","広島県","三次市","ﾋﾛｼﾏｹﾝ","ﾐﾖｼｼ"
"34","342106","広島県","庄原市","ﾋﾛｼﾏｹﾝ","ｼｮｳﾊﾞﾗｼ"
"34","342114","広島県","大竹市","ﾋﾛｼﾏｹﾝ","ｵｵﾀｹｼ"
"34","342122","広島県","東広島市","ﾋﾛｼﾏｹﾝ","ﾋｶﾞｼﾋﾛｼﾏｼ"
"34","342131","広島県","廿日市市","ﾋﾛｼﾏｹﾝ","ﾊﾂｶｲﾁｼ"
"34","342149","広島県","安芸高田市","ﾋﾛｼﾏｹﾝ","ｱｷﾀｶﾀｼ"
"34","342157","広島県","江田島市","ﾋﾛｼﾏｹﾝ","ｴﾀｼﾞﾏｼ"
"34","343021","広島県","府中町","ﾋﾛｼﾏｹﾝ","ﾌﾁｭｳﾁｮｳ"
"34","343048","広島県","海田町","ﾋﾛｼﾏｹﾝ","ｶｲﾀﾁｮｳ"
"34","343072","広島県","熊野町","ﾋﾛｼﾏｹﾝ","ｸﾏﾉﾁｮｳ"
"34","343099","広島県","坂町","ﾋﾛｼﾏｹﾝ","ｻｶﾁｮｳ"
"34","343684","広島県","安芸太田町","ﾋﾛｼﾏｹﾝ","ｱｷｵｵﾀﾁｮｳ"
"34","343692","広島県","北広島町","ﾋﾛｼﾏｹﾝ","ｷﾀﾋﾛｼﾏﾁｮｳ"
"34","344311","広島県","大崎上島町","ﾋﾛｼﾏｹﾝ","ｵｵｻｷｶﾐｼﾞﾏﾁｮｳ"
"34","344621","広島県","世羅町","ﾋﾛｼﾏｹﾝ","ｾﾗﾁｮｳ"
"34","345458","広島県","神石高原町","ﾋﾛｼﾏｹﾝ","ｼﾞﾝｾｷｺｳｹﾞﾝﾁｮｳ"
"35","350001","山口県","","ﾔﾏｸﾞﾁｹﾝ",""
"35","352012","山口県","下関市","ﾔﾏｸﾞﾁｹﾝ","ｼﾓﾉｾｷｼ"
"35","352021","山口県","宇部市","ﾔﾏｸﾞﾁｹﾝ","ｳﾍﾞｼ"
"35","352039","山口県","山口市","ﾔﾏｸﾞﾁｹﾝ","ﾔﾏｸﾞﾁｼ"
"35","352047","山口県","萩市","ﾔﾏｸﾞﾁｹﾝ","ﾊｷﾞｼ"
"35","352063","山口県","防府市","ﾔﾏｸﾞﾁｹﾝ","ﾎｳﾌｼ"
"35","352071","山口県","下松市","ﾔﾏｸﾞﾁｹﾝ","ｸﾀﾞﾏﾂｼ"
"35","352080","山口県","岩国市","ﾔﾏｸﾞﾁｹﾝ","ｲﾜｸﾆｼ"
"35","352101","山口県","光市","ﾔﾏｸﾞﾁｹﾝ","ﾋｶﾘｼ"
"35","352110","山口県","長門市","ﾔﾏｸﾞﾁｹﾝ","ﾅｶﾞﾄｼ"
"35","352128","山口県","柳井市","ﾔﾏｸﾞﾁｹﾝ","ﾔﾅｲｼ"
"35","352136","山口県","美祢市","ﾔﾏｸﾞﾁｹﾝ","ﾐﾈｼ"
"35","352152","山口県","周南市","ﾔﾏｸﾞﾁｹﾝ","ｼｭｳﾅﾝｼ"
"35","352161","山口県","山陽小野田市","ﾔﾏｸﾞﾁｹﾝ","ｻﾝﾖｳｵﾉﾀﾞｼ"
"35","353051","山口県","周防大島町","ﾔﾏｸﾞﾁｹﾝ","ｽｵｳｵｵｼﾏﾁｮｳ"
"35","353213","山口県","和木町","ﾔﾏｸﾞﾁｹﾝ","ﾜｷﾁｮｳ"
"35","353418","山口県","上関町","ﾔﾏｸﾞﾁｹﾝ","ｶﾐﾉｾｷﾁｮｳ"
"35","353434","山口県","田布施町","ﾔﾏｸﾞﾁｹﾝ","ﾀﾌﾞｾﾁｮｳ"
"35","353442","山口県","平生町","ﾔﾏｸﾞﾁｹﾝ","ﾋﾗｵﾁｮｳ"
"35","355020","山口県","阿武町","ﾔﾏｸﾞﾁｹﾝ","ｱﾌﾞﾁｮｳ"
"36","360007","徳島県","","ﾄｸｼﾏｹﾝ",""
"36","362018","徳島県","徳島市","ﾄｸｼﾏｹﾝ","ﾄｸｼﾏｼ"
"36","362026","徳島県","鳴門市","ﾄｸｼﾏｹﾝ","ﾅﾙﾄｼ"
"36","362034","徳島県","小松島市","ﾄｸｼﾏｹﾝ","ｺﾏﾂｼﾏｼ"
"36","362042","徳島県","阿南市","ﾄｸｼﾏｹﾝ","ｱﾅﾝｼ"
"36","362051","徳島県","吉野川市","ﾄｸｼﾏｹﾝ","ﾖｼﾉｶﾞﾜｼ"
"36","362069","徳島県","阿波市","ﾄｸｼﾏｹﾝ","ｱﾜｼ"
"36","362077","徳島県","美馬市","ﾄｸｼﾏｹﾝ","ﾐﾏｼ"
"36","362085","徳島県","三好市","ﾄｸｼﾏｹﾝ","ﾐﾖｼｼ"
"36","363014","徳島県","勝浦町","ﾄｸｼﾏｹﾝ","ｶﾂｳﾗﾁｮｳ"
"36","363022","徳島県","上勝町","ﾄｸｼﾏｹﾝ","ｶﾐｶﾂﾁｮｳ"
"36","363219","徳島県","佐那河内村","ﾄｸｼﾏｹﾝ","ｻﾅｺﾞｳﾁｿﾝ"
"36","363413","徳島県","石井町","ﾄｸｼﾏｹﾝ","ｲｼｲﾁｮｳ"
"36","363421","徳島県","神山町","ﾄｸｼﾏｹﾝ","ｶﾐﾔﾏﾁｮｳ"
"36","363685","徳島県","那賀町","ﾄｸｼﾏｹﾝ","ﾅｶﾁｮｳ"
"36","363839","徳島県","牟岐町","ﾄｸｼﾏｹﾝ","ﾑｷﾞﾁｮｳ"
"36","363871","徳島県","美波町","ﾄｸｼﾏｹﾝ","ﾐﾅﾐﾁｮｳ"
"36","363880","徳島県","海陽町","ﾄｸｼﾏｹﾝ","ｶｲﾖｳﾁｮｳ"
"36","364011","徳島県","松茂町","ﾄｸｼﾏｹﾝ","ﾏﾂｼｹﾞﾁｮｳ"
"36","364029","徳島県","北島町","ﾄｸｼﾏｹﾝ","ｷﾀｼﾞﾏﾁｮｳ"
"36","364037","徳島県","藍住町","ﾄｸｼﾏｹﾝ","ｱｲｽﾞﾐﾁｮｳ"
"36","364045","徳島県","板野町","ﾄｸｼﾏｹﾝ","ｲﾀﾉﾁｮｳ"
"36","364053","徳島県","上板町","ﾄｸｼﾏｹﾝ","ｶﾐｲﾀﾁｮｳ"
"36","364681","徳島県","つるぎ町","ﾄｸｼﾏｹﾝ","ﾂﾙｷﾞﾁｮｳ"
"36","364894","徳島県","東みよし町","ﾄｸｼﾏｹﾝ","ﾋｶﾞｼﾐﾖｼﾁｮｳ"
"37","370002","香川県","","ｶｶﾞﾜｹﾝ",""
"37","372013","香川県","高松市","ｶｶﾞﾜｹﾝ","ﾀｶﾏﾂｼ"
"37","372021","香川県","丸亀市","ｶｶﾞﾜｹﾝ","ﾏﾙｶﾞﾒｼ"
"37","372030","香川県","坂出市","ｶｶﾞﾜｹﾝ","ｻｶｲﾃﾞｼ"
"37","372048","香川県","善通寺市","ｶｶﾞﾜｹﾝ","ｾﾞﾝﾂｳｼﾞｼ"
"37","372056","香川県","観音寺市","ｶｶﾞﾜｹﾝ","ｶﾝｵﾝｼﾞｼ"
"37","372064","香川県","さぬき市","ｶｶﾞﾜｹﾝ","ｻﾇｷｼ"
"37","372072","香川県","東かがわ市","ｶｶﾞﾜｹﾝ","ﾋｶﾞｼｶｶﾞﾜｼ"
"37","372081","香川県","三豊市","ｶｶﾞﾜｹﾝ","ﾐﾄﾖｼ"
"37","373222","香川県","土庄町","ｶｶﾞﾜｹﾝ","ﾄﾉｼｮｳﾁｮｳ"
"37","373249","香川県","小豆島町","ｶｶﾞﾜｹﾝ","ｼｮｳﾄﾞｼﾏﾁｮｳ"
"37","373419","香川県","三木町","ｶｶﾞﾜｹﾝ","ﾐｷﾁｮｳ"
"37","373648","香川県","直島町","ｶｶﾞﾜｹﾝ","ﾅｵｼﾏﾁｮｳ"
"37","373869","香川県","宇多津町","ｶｶﾞﾜｹﾝ","ｳﾀﾂﾞﾁｮｳ"
"37","373877","香川県","綾川町","ｶｶﾞﾜｹﾝ","ｱﾔｶﾞﾜﾁｮｳ"
"37","374032","香川県","琴平町","ｶｶﾞﾜｹﾝ","ｺﾄﾋﾗﾁｮｳ"
"37","374041","香川県","多度津町","ｶｶﾞﾜｹﾝ","ﾀﾄﾞﾂﾁｮｳ"
"37","374067","香川県","まんのう町","ｶｶﾞﾜｹﾝ","ﾏﾝﾉｳﾁｮｳ"
"38","380008","愛媛県","","ｴﾋﾒｹﾝ",""
"38","382019","愛媛県","松山市","ｴﾋﾒｹﾝ","ﾏﾂﾔﾏｼ"
"38","382027","愛媛県","今治市","ｴﾋﾒｹﾝ","ｲﾏﾊﾞﾘｼ"
"38","382035","愛媛県","宇和島市","ｴﾋﾒｹﾝ","ｳﾜｼﾞﾏｼ"
"38","382043","愛媛県","八幡浜市","ｴﾋﾒｹﾝ","ﾔﾜﾀﾊﾏｼ"
"38","382051","愛媛県","新居浜市","ｴﾋﾒｹﾝ","ﾆｲﾊﾏｼ"
"38","382060","愛媛県","西条市","ｴﾋﾒｹﾝ","ｻｲｼﾞｮｳｼ"
"38","382078","愛媛県","大洲市","ｴﾋﾒｹﾝ","ｵｵｽﾞｼ"
"38","382108","愛媛県","伊予市","ｴﾋﾒｹﾝ","ｲﾖｼ"
"38","382132","愛媛県","四国中央市","ｴﾋﾒｹﾝ","ｼｺｸﾁｭｳｵｳｼ"
"38","382141","愛媛県","西予市","ｴﾋﾒｹﾝ","ｾｲﾖｼ"
"38","382159","愛媛県","東温市","ｴﾋﾒｹﾝ","ﾄｳｵﾝｼ"
"38","383562","愛媛県","上島町","ｴﾋﾒｹﾝ","ｶﾐｼﾞﾏﾁｮｳ"
"38","383864","愛媛県","久万高原町","ｴﾋﾒｹﾝ","ｸﾏｺｳｹﾞﾝﾁｮｳ"
"38","384011","愛媛県","松前町","ｴﾋﾒｹﾝ","ﾏｻｷﾁｮｳ"
"38","384020","愛媛県","砥部町","ｴﾋﾒｹﾝ","ﾄﾍﾞﾁｮｳ"
"38","384224","愛媛県","内子町","ｴﾋﾒｹﾝ","ｳﾁｺﾁｮｳ"
"38","384429","愛媛県","伊方町","ｴﾋﾒｹﾝ","ｲｶﾀﾁｮｳ"
"38","384844","愛媛県","松野町","ｴﾋﾒｹﾝ","ﾏﾂﾉﾁｮｳ"
"38","384887","愛媛県","鬼北町","ｴﾋﾒｹﾝ","ｷﾎｸﾁｮｳ"
"38","385069","愛媛県","愛南町","ｴﾋﾒｹﾝ","ｱｲﾅﾝﾁｮｳ"
"39","390003","高知県","","ｺｳﾁｹﾝ",""
"39","392014","高知県","高知市","ｺｳﾁｹﾝ","ｺｳﾁｼ"
"39","392022","高知県","室戸市","ｺｳﾁｹﾝ","ﾑﾛﾄｼ"
"39","392031","高知県","安芸市","ｺｳﾁｹﾝ","ｱｷｼ"
"39","392049","高知県","南国市","ｺｳﾁｹﾝ","ﾅﾝｺｸｼ"
"39","392057","高知県","土佐市","ｺｳﾁｹﾝ","ﾄｻｼ"
"39","392065","高知県","須崎市","ｺｳﾁｹﾝ","ｽｻｷｼ"
"39","392081","高知県","宿毛市","ｺｳﾁｹﾝ","ｽｸﾓｼ"
"39","392090","高知県","土佐清水市","ｺｳﾁｹﾝ","ﾄｻｼﾐｽﾞｼ"
"39","392103","高知県","四万十市","ｺｳﾁｹﾝ","ｼﾏﾝﾄｼ"
"39","392111","高知県","香南市","ｺｳﾁｹﾝ","ｺｳﾅﾝｼ"
"39","392120","高知県","香美市","ｺｳﾁｹﾝ","ｶﾐｼ"
"39","393011","高知県","東洋町","ｺｳﾁｹﾝ","ﾄｳﾖｳﾁｮｳ"
"39","393029","高知県","奈半利町","ｺｳﾁｹﾝ","ﾅﾊﾘﾁｮｳ"
"39","393037","高知県","田野町","ｺｳﾁｹﾝ","ﾀﾉﾁｮｳ"
"39","393045","高知県","安田町","ｺｳﾁｹﾝ","ﾔｽﾀﾞﾁｮｳ"
"39","393053","高知県","北川村","ｺｳﾁｹﾝ","ｷﾀｶﾞﾜﾑﾗ"
"39","393061","高知県","馬路村","ｺｳﾁｹﾝ","ｳﾏｼﾞﾑﾗ"
"39","393070","高知県","芸西村","ｺｳﾁｹﾝ","ｹﾞｲｾｲﾑﾗ"
"39","393410","高知県","本山町","ｺｳﾁｹﾝ","ﾓﾄﾔﾏﾁｮｳ"
"39","393444","高知県","大豊町","ｺｳﾁｹﾝ","ｵｵﾄﾖﾁｮｳ"
"39","393631","高知県","土佐町","ｺｳﾁｹﾝ","ﾄｻﾁｮｳ"
"39","393649","高知県","大川村","ｺｳﾁｹﾝ","ｵｵｶﾜﾑﾗ"
"39","393860","高知県","いの町","ｺｳﾁｹﾝ","ｲﾉﾁｮｳ"
"39","393878","高知県","仁淀川町","ｺｳﾁｹﾝ","ﾆﾖﾄﾞｶﾞﾜﾁｮｳ"
"39","394017","高知県","中土佐町","ｺｳﾁｹﾝ","ﾅｶﾄｻﾁｮｳ"
"39","394025","高知県","佐川町","ｺｳﾁｹﾝ","ｻｶﾜﾁｮｳ"
"39","394033","高知県","越知町","ｺｳﾁｹﾝ","ｵﾁﾁｮｳ"
"39","394050","高知県","梼原町","ｺｳﾁｹﾝ","ﾕｽﾊﾗﾁｮｳ"
"39","394106","高知県","日高村","ｺｳﾁｹﾝ","ﾋﾀﾞｶﾑﾗ"
"39","394114","高知県","津野町","ｺｳﾁｹﾝ","ﾂﾉﾁｮｳ"
"39","394122","高知県","四万十町","ｺｳﾁｹﾝ","ｼﾏﾝﾄﾁｮｳ"
"39","394246","高知県","大月町","ｺｳﾁｹﾝ","ｵｵﾂｷﾁｮｳ"
"39","394271","高知県","三原村","ｺｳﾁｹﾝ","ﾐﾊﾗﾑﾗ"
"39","394289","高知県","黒潮町","ｺｳﾁｹﾝ","ｸﾛｼｵﾁｮｳ"
"40","400009","福岡県","","ﾌｸｵｶｹﾝ",""
"40","401005","福岡県","北九州市","ﾌｸｵｶｹﾝ","ｷﾀｷｭｳｼｭｳｼ"
"40","401013","福岡県","北九州市門司区","ﾌｸｵｶｹﾝ","ｷﾀｷｭｳｼｭｳｼﾓｼﾞｸ"
"40","401030","福岡県","北九州市若松区","ﾌｸｵｶｹﾝ","ｷﾀｷｭｳｼｭｳｼﾜｶﾏﾂｸ"
"40","401056","福岡県","北九州市戸畑区","ﾌｸｵｶｹﾝ","ｷﾀｷｭｳｼｭｳｼﾄﾊﾞﾀｸ"
"40","401064","福岡県","北九州市小倉北区","ﾌｸｵｶｹﾝ","ｷﾀｷｭｳｼｭｳｼｺｸﾗｷﾀｸ"
"40","401072","福岡県","北九州市小倉南区","ﾌｸｵｶｹﾝ","ｷﾀｷｭｳｼｭｳｼｺｸﾗﾐﾅﾐｸ"
"40","401081","福岡県","北九州市八幡東区","ﾌｸｵｶｹﾝ","ｷﾀｷｭｳｼｭｳｼﾔﾊﾀﾋｶﾞｼｸ"
"40","401099","福岡県","北九州市八幡西区","ﾌｸｵｶｹﾝ","ｷﾀｷｭｳｼｭｳｼﾔﾊﾀﾆｼｸ"
"40","401307","福岡県","福岡市","ﾌｸｵｶｹﾝ","ﾌｸｵｶｼ"
"40","401315","福岡県","福岡市東区","ﾌｸｵｶｹﾝ","ﾌｸｵｶｼﾋｶﾞｼｸ"
"40","401323","福岡県","福岡市博多区","ﾌｸｵｶｹﾝ","ﾌｸｵｶｼﾊｶﾀｸ"
"40","401331","福岡県","福岡市中央区","ﾌｸｵｶｹﾝ","ﾌｸｵｶｼﾁｭｳｵｳｸ"
"40","401340","福岡県","福岡市南区","ﾌｸｵｶｹﾝ","ﾌｸｵｶｼﾐﾅﾐｸ"
"40","401358","福岡県","福岡市西区","ﾌｸｵｶｹﾝ","ﾌｸｵｶｼﾆｼｸ"
"40","401366","福岡県","福岡市城南区","ﾌｸｵｶｹﾝ","ﾌｸｵｶｼｼﾞｮｳﾅﾝｸ"
"40","401374","福岡県","福岡市早良区","ﾌｸｵｶｹﾝ","ﾌｸｵｶｼｻﾜﾗｸ"
"40","402028","福岡県","大牟田市","ﾌｸｵｶｹﾝ","ｵｵﾑﾀｼ"
"40","402036","福岡県","久留米市","ﾌｸｵｶｹﾝ","ｸﾙﾒｼ"
"40","402044","福岡県","直方市","ﾌｸｵｶｹﾝ","ﾉｵｶﾞﾀｼ"
"40","402052","福岡県","飯塚市","ﾌｸｵｶｹﾝ","ｲｲﾂﾞｶｼ"
"40","402061","福岡県","田川市","ﾌｸｵｶｹﾝ","ﾀｶﾞﾜｼ"
"40","402079","福岡県","柳川市","ﾌｸｵｶｹﾝ","ﾔﾅｶﾞﾜｼ"
"40","402109","福岡県","八女市","ﾌｸｵｶｹﾝ","ﾔﾒｼ"
"40","402117","福岡県","筑後市","ﾌｸｵｶｹﾝ","ﾁｸｺﾞｼ"
"40","402125","福岡県","大川市","ﾌｸｵｶｹﾝ","ｵｵｶﾜｼ"
"40","402133","福岡県","行橋市","ﾌｸｵｶｹﾝ","ﾕｸﾊｼｼ"
"40","402141","福岡県","豊前市","ﾌｸｵｶｹﾝ","ﾌﾞｾﾞﾝｼ"
"40","402150","福岡県","中間市","ﾌｸｵｶｹﾝ","ﾅｶﾏｼ"
"40","402168","福岡県","小郡市","ﾌｸｵｶｹﾝ","ｵｺﾞｵﾘｼ"
"40","402176","福岡県","筑紫野市","ﾌｸｵｶｹﾝ","ﾁｸｼﾉｼ"
"40","402184","福岡県","春日市","ﾌｸｵｶｹﾝ","ｶｽｶﾞｼ"
"40","402192","福岡県","大野城市","ﾌｸｵｶｹﾝ","ｵｵﾉｼﾞｮｳｼ"
"40","402206","福岡県","宗像市","ﾌｸｵｶｹﾝ","ﾑﾅｶﾀｼ"
"40","402214","福岡県","太宰府市","ﾌｸｵｶｹﾝ","ﾀﾞｻﾞｲﾌｼ"
"40","402231","福岡県","古賀市","ﾌｸｵｶｹﾝ","ｺｶﾞｼ"
"40","402249","福岡県","福津市","ﾌｸｵｶｹﾝ","ﾌｸﾂｼ"
"40","402257","福岡県","うきは市","ﾌｸｵｶｹﾝ","ｳｷﾊｼ"
"40","402265","福岡県","宮若市","ﾌｸｵｶｹﾝ","ﾐﾔﾜｶｼ"
"40","402273","福岡県","嘉麻市","ﾌｸｵｶｹﾝ","ｶﾏｼ"
"40","402281","福岡県","朝倉市","ﾌｸｵｶｹﾝ","ｱｻｸﾗｼ"
"40","402290","福岡県","みやま市","ﾌｸｵｶｹﾝ","ﾐﾔﾏｼ"
"40","402303","福岡県","糸島市","ﾌｸｵｶｹﾝ","ｲﾄｼﾏｼ"
"40","402311","福岡県","那珂川市","ﾌｸｵｶｹﾝ","ﾅｶｶﾞﾜｼ"
"40","403415","福岡県","宇美町","ﾌｸｵｶｹﾝ","ｳﾐﾏﾁ"
"40","403423","福岡県","篠栗町","ﾌｸｵｶｹﾝ","ｻｻｸﾞﾘﾏﾁ"
"40","403431","福岡県","志免町","ﾌｸｵｶｹﾝ","ｼﾒﾏﾁ"
"40","403440","福岡県","須恵町","ﾌｸｵｶｹﾝ","ｽｴﾏﾁ"
"40","403458","福岡県","新宮町","ﾌｸｵｶｹﾝ","ｼﾝｸﾞｳﾏﾁ"
"40","403482","福岡県","久山町","ﾌｸｵｶｹﾝ","ﾋｻﾔﾏﾏﾁ"
"40","403491","福岡県","粕屋町","ﾌｸｵｶｹﾝ","ｶｽﾔﾏﾁ"
"40","403814","福岡県","芦屋町","ﾌｸｵｶｹﾝ","ｱｼﾔﾏﾁ"
"40","403822","福岡県","水巻町","ﾌｸｵｶｹﾝ","ﾐｽﾞﾏｷﾏﾁ"
"40","403831","福岡県","岡垣町","ﾌｸｵｶｹﾝ","ｵｶｶﾞｷﾏﾁ"
"40","403849","福岡県","遠賀町","ﾌｸｵｶｹﾝ","ｵﾝｶﾞﾁｮｳ"
"40","404012","福岡県","小竹町","ﾌｸｵｶｹﾝ","ｺﾀｹﾏﾁ"
"40","404021","福岡県","鞍手町","ﾌｸｵｶｹﾝ","ｸﾗﾃﾏﾁ"
"40","404217","福岡県","桂川町","ﾌｸｵｶｹﾝ","ｹｲｾﾝﾏﾁ"
"40","404471","福岡県","筑前町","ﾌｸｵｶｹﾝ","ﾁｸｾﾞﾝﾏﾁ"
"40","404489","福岡県","東峰村","ﾌｸｵｶｹﾝ","ﾄｳﾎｳﾑﾗ"
"40","405035","福岡県","大刀洗町","ﾌｸｵｶｹﾝ","ﾀﾁｱﾗｲﾏﾁ"
"40","405221","福岡県","大木町","ﾌｸｵｶｹﾝ","ｵｵｷﾏﾁ"
"40","405442","福岡県","広川町","ﾌｸｵｶｹﾝ","ﾋﾛｶﾜﾏﾁ"
"40","406015","福岡県","香春町","ﾌｸｵｶｹﾝ","ｶﾜﾗﾏﾁ"
"40","406023","福岡県","添田町","ﾌｸｵｶｹﾝ","ｿｴﾀﾞﾏﾁ"
"40","406040","福岡県","糸田町","ﾌｸｵｶｹﾝ","ｲﾄﾀﾞﾏﾁ"
"40","406058","福岡県","川崎町","ﾌｸｵｶｹﾝ","ｶﾜｻｷﾏﾁ"
"40","406082","福岡県","大任町","ﾌｸｵｶｹﾝ","ｵｵﾄｳﾏﾁ"
"40","406091","福岡県","赤村","ﾌｸｵｶｹﾝ","ｱｶﾑﾗ"
"40","406104","福岡県","福智町","ﾌｸｵｶｹﾝ","ﾌｸﾁﾏﾁ"
"40","406210","福岡県","苅田町","ﾌｸｵｶｹﾝ","ｶﾝﾀﾞﾏﾁ"
"40","406252","福岡県","みやこ町","ﾌｸｵｶｹﾝ","ﾐﾔｺﾏﾁ"
"40","406422","福岡県","吉富町","ﾌｸｵｶｹﾝ","ﾖｼﾄﾐﾏﾁ"
"40","406465","福岡県","上毛町","ﾌｸｵｶｹﾝ","ｺｳｹﾞﾏﾁ"
"40","406473","福岡県","築上町","ﾌｸｵｶｹﾝ","ﾁｸｼﾞｮｳﾏﾁ"
"41","410004","佐賀県","","ｻｶﾞｹﾝ",""
"41","412015","佐賀県","佐賀市","ｻｶﾞｹﾝ","ｻｶﾞｼ"
"41","412023","佐賀県","唐津市","ｻｶﾞｹﾝ","ｶﾗﾂｼ"
"41","412031","佐賀県","鳥栖市","ｻｶﾞｹﾝ","ﾄｽｼ"
"41","412040","佐賀県","多久市","ｻｶﾞｹﾝ","ﾀｸｼ"
"41","412058","佐賀県","伊万里市","ｻｶﾞｹﾝ","ｲﾏﾘｼ"
"41","412066","佐賀県","武雄市","ｻｶﾞｹﾝ","ﾀｹｵｼ"
"41","412074","佐賀県","鹿島市","ｻｶﾞｹﾝ","ｶｼﾏｼ"
"41","412082","佐賀県","小城市","ｻｶﾞｹﾝ","ｵｷﾞｼ"
"41","412091","佐賀県","嬉野市","ｻｶﾞｹﾝ","ｳﾚｼﾉｼ"
"41","412104","佐賀県","神埼市","ｻｶﾞｹﾝ","ｶﾝｻﾞｷｼ"
"41","413275","佐賀県","吉野ヶ里町","ｻｶﾞｹﾝ","ﾖｼﾉｶﾞﾘﾁｮｳ"
"41","413411","佐賀県","基山町","ｻｶﾞｹﾝ","ｷﾔﾏﾁｮｳ"
"41","413453","佐賀県","上峰町","ｻｶﾞｹﾝ","ｶﾐﾐﾈﾁｮｳ"
"41","413461","佐賀県","みやき町","ｻｶﾞｹﾝ","ﾐﾔｷﾁｮｳ"
"41","413879","佐賀県","玄海町","ｻｶﾞｹﾝ","ｹﾞﾝｶｲﾁｮｳ"
"41","414018","佐賀県","有田町","ｻｶﾞｹﾝ","ｱﾘﾀﾁｮｳ"
"41","414239","佐賀県","大町町","ｻｶﾞｹﾝ","ｵｵﾏﾁﾁｮｳ"
"41","414247","佐賀県","江北町","ｻｶﾞｹﾝ","ｺｳﾎｸﾏﾁ"
"41","414255","佐賀県","白石町","ｻｶﾞｹﾝ","ｼﾛｲｼﾁｮｳ"
"41","414417","佐賀県","太良町","ｻｶﾞｹﾝ","ﾀﾗﾁｮｳ"
"42","420000","長崎県","","ﾅｶﾞｻｷｹﾝ",""
"42","422011","長崎県","長崎市","ﾅｶﾞｻｷｹﾝ","ﾅｶﾞｻｷｼ"
"42","422029","長崎県","佐世保市","ﾅｶﾞｻｷｹﾝ","ｻｾﾎﾞｼ"
"42","422037","長崎県","島原市","ﾅｶﾞｻｷｹﾝ","ｼﾏﾊﾞﾗｼ"
"42","422045","長崎県","諫早市","ﾅｶﾞｻｷｹﾝ","ｲｻﾊﾔｼ"
"42","422053","長崎県","大村市","ﾅｶﾞｻｷｹﾝ","ｵｵﾑﾗｼ"
"42","422070","長崎県","平戸市","ﾅｶﾞｻｷｹﾝ","ﾋﾗﾄﾞｼ"
"42","422088","長崎県","松浦市","ﾅｶﾞｻｷｹﾝ","ﾏﾂｳﾗｼ"
"42","422096","長崎県","対馬市","ﾅｶﾞｻｷｹﾝ","ﾂｼﾏｼ"
"42","422100","長崎県","壱岐市","ﾅｶﾞｻｷｹﾝ","ｲｷｼ"
"42","422118","長崎県","五島市","ﾅｶﾞｻｷｹﾝ","ｺﾞﾄｳｼ"
"42","422126","長崎県","西海市","ﾅｶﾞｻｷｹﾝ","ｻｲｶｲｼ"
"42","422134","長崎県","雲仙市","ﾅｶﾞｻｷｹﾝ","ｳﾝｾﾞﾝｼ"
"42","422142","長崎県","南島原市","ﾅｶﾞｻｷｹﾝ","ﾐﾅﾐｼﾏﾊﾞﾗｼ"
"42","423076","長崎県","長与町","ﾅｶﾞｻｷｹﾝ","ﾅｶﾞﾖﾁｮｳ"
"42","423084","長崎県","時津町","ﾅｶﾞｻｷｹﾝ","ﾄｷﾞﾂﾁｮｳ"
"42","423211","長崎県","東彼杵町","ﾅｶﾞｻｷｹﾝ","ﾋｶﾞｼｿﾉｷﾞﾁｮｳ"
"42","423220","長崎県","川棚町","ﾅｶﾞｻｷｹﾝ","ｶﾜﾀﾅﾁｮｳ"
"42","423238","長崎県","波佐見町","ﾅｶﾞｻｷｹﾝ","ﾊｻﾐﾁｮｳ"
"42","423831","長崎県","小値賀町","ﾅｶﾞｻｷｹﾝ","ｵﾁﾞｶﾁｮｳ"
"42","423912","長崎県","佐々町","ﾅｶﾞｻｷｹﾝ","ｻｻﾞﾁｮｳ"
"42","424111","長崎県","新上五島町","ﾅｶﾞｻｷｹﾝ","ｼﾝｶﾐｺﾞﾄｳﾁｮｳ"
"43","430005","熊本県","","ｸﾏﾓﾄｹﾝ",""
"43","431001","熊本県","熊本市","ｸﾏﾓﾄｹﾝ","ｸﾏﾓﾄｼ"
"43","431010","熊本県","熊本市中央区","ｸﾏﾓﾄｹﾝ","ｸﾏﾓﾄｼﾁｭｳｵｳｸ"
"43","431028","熊本県","熊本市東区","ｸﾏﾓﾄｹﾝ","ｸﾏﾓﾄｼﾋｶﾞｼｸ"
"43","431036","熊本県","熊本市西区","ｸﾏﾓﾄｹﾝ","ｸﾏﾓﾄｼﾆｼｸ"
"43","431044","熊本県","熊本市南区","ｸﾏﾓﾄｹﾝ","ｸﾏﾓﾄｼﾐﾅﾐｸ"
"43","431052","熊本県","熊本市北区","ｸﾏﾓﾄｹﾝ","ｸﾏﾓﾄｼｷﾀｸ"
"43","432024","熊本県","八代市","ｸﾏﾓﾄｹﾝ","ﾔﾂｼﾛｼ"
"43","432032","熊本県","人吉市","ｸﾏﾓﾄｹﾝ","ﾋﾄﾖｼｼ"
"43","432041","熊本県","荒尾市","ｸﾏﾓﾄｹﾝ","ｱﾗｵｼ"
"43","432059","熊本県","水俣市","ｸﾏﾓﾄｹﾝ","ﾐﾅﾏﾀｼ"
"43","432067","熊本県","玉名市","ｸﾏﾓﾄｹﾝ","ﾀﾏﾅｼ"
"43","432083","熊本県","山鹿市","ｸﾏﾓﾄｹﾝ","ﾔﾏｶﾞｼ"
"43","432105","熊本県","菊池市","ｸﾏﾓﾄｹﾝ","ｷｸﾁｼ"
"43","432113","熊本県","宇土市","ｸﾏﾓﾄｹﾝ","ｳﾄｼ"
"43","432121","熊本県","上天草市","ｸﾏﾓﾄｹﾝ","ｶﾐｱﾏｸｻｼ"
"43","432130","熊本県","宇城市","ｸﾏﾓﾄｹﾝ","ｳｷｼ"
"43","432148","熊本県","阿蘇市","ｸﾏﾓﾄｹﾝ","ｱｿｼ"
"43","432156","熊本県","天草市","ｸﾏﾓﾄｹﾝ","ｱﾏｸｻｼ"
"43","432164","熊本県","合志市","ｸﾏﾓﾄｹﾝ","ｺｳｼｼ"
"43","433489","熊本県","美里町","ｸﾏﾓﾄｹﾝ","ﾐｻﾄﾏﾁ"
"43","433641","熊本県","玉東町","ｸﾏﾓﾄｹﾝ","ｷﾞｮｸﾄｳﾏﾁ"
"43","433675","熊本県","南関町","ｸﾏﾓﾄｹﾝ","ﾅﾝｶﾝﾏﾁ"
"43","433683","熊本県","長洲町","ｸﾏﾓﾄｹﾝ","ﾅｶﾞｽﾏﾁ"
"43","433691","熊本県","和水町","ｸﾏﾓﾄｹﾝ","ﾅｺﾞﾐﾏﾁ"
"43","434035","熊本県","大津町","ｸﾏﾓﾄｹﾝ","ｵｵﾂﾞﾏﾁ"
"43","434043","熊本県","菊陽町","ｸﾏﾓﾄｹﾝ","ｷｸﾖｳﾏﾁ"
"43","434230","熊本県","南小国町","ｸﾏﾓﾄｹﾝ","ﾐﾅﾐｵｸﾞﾆﾏﾁ"
"43","434248","熊本県","小国町","ｸﾏﾓﾄｹﾝ","ｵｸﾞﾆﾏﾁ"
"43","434256","熊本県","産山村","ｸﾏﾓﾄｹﾝ","ｳﾌﾞﾔﾏﾑﾗ"
"43","434281","熊本県","高森町","ｸﾏﾓﾄｹﾝ","ﾀｶﾓﾘﾏﾁ"
"43","434329","熊本県","西原村","ｸﾏﾓﾄｹﾝ","ﾆｼﾊﾗﾑﾗ"
"43","434337","熊本県","南阿蘇村","ｸﾏﾓﾄｹﾝ","ﾐﾅﾐｱｿﾑﾗ"
"43","434418","熊本県","御船町","ｸﾏﾓﾄｹﾝ","ﾐﾌﾈﾏﾁ"
"43","434426","熊本県","嘉島町","ｸﾏﾓﾄｹﾝ","ｶｼﾏﾏﾁ"
"43","434434","熊本県","益城町","ｸﾏﾓﾄｹﾝ","ﾏｼｷﾏﾁ"
"43","434442","熊本県","甲佐町","ｸﾏﾓﾄｹﾝ","ｺｳｻﾏﾁ"
"43","434477","熊本県","山都町","ｸﾏﾓﾄｹﾝ","ﾔﾏﾄﾁｮｳ"
"43","434680","熊本県","氷川町","ｸﾏﾓﾄｹﾝ","ﾋｶﾜﾁｮｳ"
"43","434825","熊本県","芦北町","ｸﾏﾓﾄｹﾝ","ｱｼｷﾀﾏﾁ"
"43","434841","熊本県","津奈木町","ｸﾏﾓﾄｹﾝ","ﾂﾅｷﾞﾏﾁ"
"43","435015","熊本県","錦町","ｸﾏﾓﾄｹﾝ","ﾆｼｷﾏﾁ"
"43","435058","熊本県","多良木町","ｸﾏﾓﾄｹﾝ","ﾀﾗｷﾞﾏﾁ"
"43","435066","熊本県","湯前町","ｸﾏﾓﾄｹﾝ","ﾕﾉﾏｴﾏﾁ"
"43","435074","熊本県","水上村","ｸﾏﾓﾄｹﾝ","ﾐｽﾞｶﾐﾑﾗ"
"43","435104","熊本県","相良村","ｸﾏﾓﾄｹﾝ","ｻｶﾞﾗﾑﾗ"
"43","435112","熊本県","五木村","ｸﾏﾓﾄｹﾝ","ｲﾂｷﾑﾗ"
"43","435121","熊本県","山江村","ｸﾏﾓﾄｹﾝ","ﾔﾏｴﾑﾗ"
"43","435139","熊本県","球磨村","ｸﾏﾓﾄｹﾝ","ｸﾏﾑﾗ"
"43","435147","熊本県","あさぎり町","ｸﾏﾓﾄｹﾝ","ｱｻｷﾞﾘﾁｮｳ"
"43","435317","熊本県","苓北町","ｸﾏﾓﾄｹﾝ","ﾚｲﾎｸﾏﾁ"
"44","440001","大分県","","ｵｵｲﾀｹﾝ",""
"44","442011","大分県","大分市","ｵｵｲﾀｹﾝ","ｵｵｲﾀｼ"
"44","442020","大分県","別府市","ｵｵｲﾀｹﾝ","ﾍﾞｯﾌﾟｼ"
"44","442038","大分県","中津市","ｵｵｲﾀｹﾝ","ﾅｶﾂｼ"
"44","442046","大分県","日田市","ｵｵｲﾀｹﾝ","ﾋﾀｼ"
"44","442054","大分県","佐伯市","ｵｵｲﾀｹﾝ","ｻｲｷｼ"
"44","442062","大分県","臼杵市","ｵｵｲﾀｹﾝ","ｳｽｷｼ"
"44","442071","大分県","津久見市","ｵｵｲﾀｹﾝ","ﾂｸﾐｼ"
"44","442089","大分県","竹田市","ｵｵｲﾀｹﾝ","ﾀｹﾀｼ"
"44","442097","大分県","豊後高田市","ｵｵｲﾀｹﾝ","ﾌﾞﾝｺﾞﾀｶﾀﾞｼ"
"44","442101","大分県","杵築市","ｵｵｲﾀｹﾝ","ｷﾂｷｼ"
"44","442119","大分県","宇佐市","ｵｵｲﾀｹﾝ","ｳｻｼ"
"44","442127","大分県","豊後大野市","ｵｵｲﾀｹﾝ","ﾌﾞﾝｺﾞｵｵﾉｼ"
"44","442135","大分県","由布市","ｵｵｲﾀｹﾝ","ﾕﾌｼ"
"44","442143","大分県","国東市","ｵｵｲﾀｹﾝ","ｸﾆｻｷｼ"
"44","443221","大分県","姫島村","ｵｵｲﾀｹﾝ","ﾋﾒｼﾏﾑﾗ"
"44","443417","大分県","日出町","ｵｵｲﾀｹﾝ","ﾋｼﾞﾏﾁ"
"44","444618","大分県","九重町","ｵｵｲﾀｹﾝ","ｺｺﾉｴﾏﾁ"
"44","444626","大分県","玖珠町","ｵｵｲﾀｹﾝ","ｸｽﾏﾁ"
"45","450006","宮崎県","","ﾐﾔｻﾞｷｹﾝ",""
"45","452017","宮崎県","宮崎市","ﾐﾔｻﾞｷｹﾝ","ﾐﾔｻﾞｷｼ"
"45","452025","宮崎県","都城市","ﾐﾔｻﾞｷｹﾝ","ﾐﾔｺﾉｼﾞｮｳｼ"
"45","452033","宮崎県","延岡市","ﾐﾔｻﾞｷｹﾝ","ﾉﾍﾞｵｶｼ"
"45","452041","宮崎県","日南市","ﾐﾔｻﾞｷｹﾝ","ﾆﾁﾅﾝｼ"
"45","452050","宮崎県","小林市","ﾐﾔｻﾞｷｹﾝ","ｺﾊﾞﾔｼｼ"
"45","452068","宮崎県","日向市","ﾐﾔｻﾞｷｹﾝ","ﾋｭｳｶﾞｼ"
"45","452076","宮崎県","串間市","ﾐﾔｻﾞｷｹﾝ","ｸｼﾏｼ"
"45","452084","宮崎県","西都市","ﾐﾔｻﾞｷｹﾝ","ｻｲﾄｼ"
"45","452092","宮崎県","えびの市","ﾐﾔｻﾞｷｹﾝ","ｴﾋﾞﾉｼ"
"45","453412","宮崎県","三股町","ﾐﾔｻﾞｷｹﾝ","ﾐﾏﾀﾁｮｳ"
"45","453617","宮崎県","高原町","ﾐﾔｻﾞｷｹﾝ","ﾀｶﾊﾙﾁｮｳ"
"45","453820","宮崎県","国富町","ﾐﾔｻﾞｷｹﾝ","ｸﾆﾄﾐﾁｮｳ"
"45","453838","宮崎県","綾町","ﾐﾔｻﾞｷｹﾝ","ｱﾔﾁｮｳ"
"45","454010","宮崎県","高鍋町","ﾐﾔｻﾞｷｹﾝ","ﾀｶﾅﾍﾞﾁｮｳ"
"45","454028","宮崎県","新富町","ﾐﾔｻﾞｷｹﾝ","ｼﾝﾄﾐﾁｮｳ"
"45","454036","宮崎県","西米良村","ﾐﾔｻﾞｷｹﾝ","ﾆｼﾒﾗｿﾝ"
"45","454044","宮崎県","木城町","ﾐﾔｻﾞｷｹﾝ","ｷｼﾞｮｳﾁｮｳ"
"45","454052","宮崎県","川南町","ﾐﾔｻﾞｷｹﾝ","ｶﾜﾐﾅﾐﾁｮｳ"
"45","454061","宮崎県","都農町","ﾐﾔｻﾞｷｹﾝ","ﾂﾉﾁｮｳ"
"45","454214","宮崎県","門川町","ﾐﾔｻﾞｷｹﾝ","ｶﾄﾞｶﾞﾜﾁｮｳ"
"45","454290","宮崎県","諸塚村","ﾐﾔｻﾞｷｹﾝ","ﾓﾛﾂｶｿﾝ"
"45","454303","宮崎県","椎葉村","ﾐﾔｻﾞｷｹﾝ","ｼｲﾊﾞｿﾝ"
"45","454311","宮崎県","美郷町","ﾐﾔｻﾞｷｹﾝ","ﾐｻﾄﾁｮｳ"
"45","454419","宮崎県","高千穂町","ﾐﾔｻﾞｷｹﾝ","ﾀｶﾁﾎﾁｮｳ"
"45","454427","宮崎県","日之影町","ﾐﾔｻﾞｷｹﾝ","ﾋﾉｶｹﾞﾁｮｳ"
"45","454435","宮崎県","五ヶ瀬町","ﾐﾔｻﾞｷｹﾝ","ｺﾞｶｾﾁｮｳ"
"46","460001","鹿児島県","","ｶｺﾞｼﾏｹﾝ",""
"46","462012","鹿児島県","鹿児島市","ｶｺﾞｼﾏｹﾝ","ｶｺﾞｼﾏｼ"
"46","462039","鹿児島県","鹿屋市","ｶｺﾞｼﾏｹﾝ","ｶﾉﾔｼ"
"46","462047","鹿児島県","枕崎市","ｶｺﾞｼﾏｹﾝ","ﾏｸﾗｻﾞｷｼ"
"46","462063","鹿児島県","阿久根市","ｶｺﾞｼﾏｹﾝ","ｱｸﾈｼ"
"46","462080","鹿児島県","出水市","ｶｺﾞｼﾏｹﾝ","ｲｽﾞﾐｼ"
"46","462101","鹿児島県","指宿市","ｶｺﾞｼﾏｹﾝ","ｲﾌﾞｽｷｼ"
"46","462136","鹿児島県","西之表市","ｶｺﾞｼﾏｹﾝ","ﾆｼﾉｵﾓﾃｼ"
"46","462144","鹿児島県","垂水市","ｶｺﾞｼﾏｹﾝ","ﾀﾙﾐｽﾞｼ"
"46","462152","鹿児島県","薩摩川内市","ｶｺﾞｼﾏｹﾝ","ｻﾂﾏｾﾝﾀﾞｲｼ"
"46","462161","鹿児島県","日置市","ｶｺﾞｼﾏｹﾝ","ﾋｵｷｼ"
"46","462179","鹿児島県","曽於市","ｶｺﾞｼﾏｹﾝ","ｿｵｼ"
"46","462187","鹿児島県","霧島市","ｶｺﾞｼﾏｹﾝ","ｷﾘｼﾏｼ"
"46","462195","鹿児島県","いちき串木野市","ｶｺﾞｼﾏｹﾝ","ｲﾁｷｸｼｷﾉｼ"
"46","462209","鹿児島県","南さつま市","ｶｺﾞｼﾏｹﾝ","ﾐﾅﾐｻﾂﾏｼ"
"46","462217","鹿児島県","志布志市","ｶｺﾞｼﾏｹﾝ","ｼﾌﾞｼｼ"
"46","462225","鹿児島県","奄美市","ｶｺﾞｼﾏｹﾝ","ｱﾏﾐｼ"
"46","462233","鹿児島県","南九州市","ｶｺﾞｼﾏｹﾝ","ﾐﾅﾐｷｭｳｼｭｳｼ"
"46","462241","鹿児島県","伊佐市","ｶｺﾞｼﾏｹﾝ","ｲｻｼ"
"46","462250","鹿児島県","姶良市","ｶｺﾞｼﾏｹﾝ","ｱｲﾗｼ"
"46","463035","鹿児島県","三島村","ｶｺﾞｼﾏｹﾝ","ﾐｼﾏﾑﾗ"
"46","463043","鹿児島県","十島村","ｶｺﾞｼﾏｹﾝ","ﾄｼﾏﾑﾗ"
"46","463922","鹿児島県","さつま町","ｶｺﾞｼﾏｹﾝ","ｻﾂﾏﾁｮｳ"
"46","464040","鹿児島県","長島町","ｶｺﾞｼﾏｹﾝ","ﾅｶﾞｼﾏﾁｮｳ"
"46","464520","鹿児島県","湧水町","ｶｺﾞｼﾏｹﾝ","ﾕｳｽｲﾁｮｳ"
"46","464686","鹿児島県","大崎町","ｶｺﾞｼﾏｹﾝ","ｵｵｻｷﾁｮｳ"
"46","464821","鹿児島県","東串良町","ｶｺﾞｼﾏｹﾝ","ﾋｶﾞｼｸｼﾗﾁｮｳ"
"46","464902","鹿児島県","錦江町","ｶｺﾞｼﾏｹﾝ","ｷﾝｺｳﾁｮｳ"
"46","464911","鹿児島県","南大隅町","ｶｺﾞｼﾏｹﾝ","ﾐﾅﾐｵｵｽﾐﾁｮｳ"
"46","464929","鹿児島県","肝付町","ｶｺﾞｼﾏｹﾝ","ｷﾓﾂｷﾁｮｳ"
"46","465011","鹿児島県","中種子町","ｶｺﾞｼﾏｹﾝ","ﾅｶﾀﾈﾁｮｳ"
"46","465020","鹿児島県","南種子町","ｶｺﾞｼﾏｹﾝ","ﾐﾅﾐﾀﾈﾁｮｳ"
"46","465054","鹿児島県","屋久島町","ｶｺﾞｼﾏｹﾝ","ﾔｸｼﾏﾁｮｳ"
"46","465232","鹿児島県","大和村","ｶｺﾞｼﾏｹﾝ","ﾔﾏﾄｿﾝ"
"46","465241","鹿児島県","宇検村","ｶｺﾞｼﾏｹﾝ","ｳｹﾝｿﾝ"
"46","465259","鹿児島県","瀬戸内町","ｶｺﾞｼﾏｹﾝ","ｾﾄｳﾁﾁｮｳ"
"46","465275","鹿児島県","龍郷町","ｶｺﾞｼﾏｹﾝ","ﾀﾂｺﾞｳﾁｮｳ"
"46","465291","鹿児島県","喜界町","ｶｺﾞｼﾏｹﾝ","ｷｶｲﾁｮｳ"
"46","465305","鹿児島県","徳之島町","ｶｺﾞｼﾏｹﾝ","ﾄｸﾉｼﾏﾁｮｳ"
"46","465313","鹿児島県","天城町","ｶｺﾞｼﾏｹﾝ","ｱﾏｷﾞﾁｮｳ"
"46","465321","鹿児島県","伊仙町","ｶｺﾞｼﾏｹﾝ","ｲｾﾝﾁｮｳ"
"46","465330","鹿児島県","和泊町","ｶｺﾞｼﾏｹﾝ","ﾜﾄﾞﾏﾘﾁｮｳ"
"46","465348","鹿児島県","知名町","ｶｺﾞｼﾏｹﾝ","ﾁﾅﾁｮｳ"
"46","465356","鹿児島県","与論町","ｶｺﾞｼﾏｹﾝ","ﾖﾛﾝﾁｮｳ"
"47","470007","沖縄県","","ｵｷﾅﾜｹﾝ",""
"47","472018","沖縄県","那覇市","ｵｷﾅﾜｹﾝ","ﾅﾊｼ"
"47","472051","沖縄県","宜野湾市","ｵｷﾅﾜｹﾝ","ｷﾞﾉﾜﾝｼ"
"47","472077","沖縄県","石垣市","ｵｷﾅﾜｹﾝ","ｲｼｶﾞｷｼ"
"47","472085","沖縄県","浦添市","ｵｷﾅﾜｹﾝ","ｳﾗｿｴｼ"
"47","472093","沖縄県","名護市","ｵｷﾅﾜｹﾝ","ﾅｺﾞｼ"
"47","472107","沖縄県","糸満市","ｵｷﾅﾜｹﾝ","ｲﾄﾏﾝｼ"
"47","472115","沖縄県","沖縄市","ｵｷﾅﾜｹﾝ","ｵｷﾅﾜｼ"
"47","472123","沖縄県","豊見城市","ｵｷﾅﾜｹﾝ","ﾄﾐｸﾞｽｸｼ"
"47","472131","沖縄県","うるま市","ｵｷﾅﾜｹﾝ","ｳﾙﾏｼ"
"47","472140","沖縄県","宮古島市","ｵｷﾅﾜｹﾝ","ﾐﾔｺｼﾞﾏｼ"
"47","472158","沖縄県","南城市","ｵｷﾅﾜｹﾝ","ﾅﾝｼﾞｮｳｼ"
"47","473014","沖縄県","国頭村","ｵｷﾅﾜｹﾝ","ｸﾆｶﾞﾐｿﾝ"
"47","473022","沖縄県","大宜味村","ｵｷﾅﾜｹﾝ","ｵｵｷﾞﾐｿﾝ"
"47","473031","沖縄県","東村","ｵｷﾅﾜｹﾝ","ﾋｶﾞｼｿﾝ"
"47","473065","沖縄県","今帰仁村","ｵｷﾅﾜｹﾝ","ﾅｷｼﾞﾝｿﾝ"
"47","473081","沖縄県","本部町","ｵｷﾅﾜｹﾝ","ﾓﾄﾌﾞﾁｮｳ"
"47","473111","沖縄県","恩納村","ｵｷﾅﾜｹﾝ","ｵﾝﾅｿﾝ"
"47","473138","沖縄県","宜野座村","ｵｷﾅﾜｹﾝ","ｷﾞﾉｻﾞｿﾝ"
"47","473146","沖縄県","金武町","ｵｷﾅﾜｹﾝ","ｷﾝﾁｮｳ"
"47","473154","沖縄県","伊江村","ｵｷﾅﾜｹﾝ","ｲｴｿﾝ"
"47","473243","沖縄県","読谷村","ｵｷﾅﾜｹﾝ","ﾖﾐﾀﾝｿﾝ"
"47","473251","沖縄県","嘉手納町","ｵｷﾅﾜｹﾝ","ｶﾃﾞﾅﾁｮｳ"
"47","473260","沖縄県","北谷町","ｵｷﾅﾜｹﾝ","ﾁﾔﾀﾝﾁｮｳ"
"47","473278","沖縄県","北中城村","ｵｷﾅﾜｹﾝ","ｷﾀﾅｶｸﾞｽｸｿﾝ"
"47","473286","沖縄県","中城村","ｵｷﾅﾜｹﾝ","ﾅｶｸﾞｽｸｿﾝ"
"47","473294","沖縄県","西原町","ｵｷﾅﾜｹﾝ","ﾆｼﾊﾗﾁｮｳ"
"47","473481","沖縄県","与那原町","ｵｷﾅﾜｹﾝ","ﾖﾅﾊﾞﾙﾁｮｳ"
"47","473502","沖縄県","南風原町","ｵｷﾅﾜｹﾝ","ﾊｴﾊﾞﾙﾁｮｳ"
"47","473537","沖縄県","渡嘉敷村","ｵｷﾅﾜｹﾝ","ﾄｶｼｷｿﾝ"
"47","473545","沖縄県","座間味村","ｵｷﾅﾜｹﾝ","ｻﾞﾏﾐｿﾝ"
"47","473553","沖縄県","粟国村","ｵｷﾅﾜｹﾝ","ｱｸﾞﾆｿﾝ"
"47","473561","沖縄県","渡名喜村","ｵｷﾅﾜｹﾝ","ﾄﾅｷｿﾝ"
"47","473570","沖縄県","南大東村","ｵｷﾅﾜｹﾝ","ﾐﾅﾐﾀﾞｲﾄｳｿﾝ"
"47","473588","沖縄県","北大東村","ｵｷﾅﾜｹﾝ","ｷﾀﾀﾞｲﾄｳｿﾝ"
"47","473596","沖縄県","伊平屋村","ｵｷﾅﾜｹﾝ","ｲﾍﾔｿﾝ"
"47","473600","沖縄県","伊是名村","ｵｷﾅﾜｹﾝ","ｲｾﾞﾅｿﾝ"
"47","473618","沖縄県","久米島町","ｵｷﾅﾜｹﾝ","ｸﾒｼﾞﾏﾁｮｳ"
"47","473626","沖縄県","八重瀬町","ｵｷﾅﾜｹﾝ","ﾔｴｾﾁｮｳ"
"47","473758","沖縄県","多良間村","ｵｷﾅﾜｹﾝ","ﾀﾗﾏｿﾝ"
"47","473812","沖縄県","竹富町","ｵｷﾅﾜｹﾝ","ﾀｹﾄﾐﾁｮｳ"
"47","473821","沖縄県","与那国町","ｵｷﾅﾜｹﾝ","ﾖﾅｸﾞﾆﾁｮｳ"